<?xml version="1.0"?>
<config xmlns:xsi="http://www.w3.org/2001/XMLSchema-instance" xsi:noNamespaceSchemaLocation="urn:magento:framework:ObjectManager/etc/config.xsd">
    <preference for="Swissup\Askit\Api\Data\MessageInterface" type="Swissup\Askit\Model\Message" />

    <preference for="Swissup\Askit\Api\Data\MessageSearchResultsInterface"
                type="Magento\Framework\Api\SearchResults" />

    <preference for="Swissup\Askit\Api\MessageRepositoryInterface"
    type="Swissup\Askit\Model\ResourceModel\MessageRepository" />

    <type name="Swissup\Askit\Model\ResourceModel\Question\Grid\Collection">
        <arguments>
            <argument name="mainTable" xsi:type="string">swissup_askit_message</argument>
            <argument name="resourceModel" xsi:type="string">Swissup\Askit\Model\ResourceModel\Message</argument>
        </arguments>
    </type>

    <type name="Swissup\Askit\Model\ResourceModel\Answer\Grid\Collection">
        <arguments>
            <argument name="mainTable" xsi:type="string">swissup_askit_message</argument>
            <argument name="resourceModel" xsi:type="string">Swissup\Askit\Model\ResourceModel\Message</argument>
        </arguments>
    </type>

    <!-- <virtualType name="Swissup\Askit\Model\ResourceModel\Question\Grid\Collection" type="Magento\Framework\View\Element\UiComponent\DataProvider\SearchResult">
        <arguments>
            <argument name="mainTable" xsi:type="string">swissup_askit_message</argument>
            <argument name="resourceModel" xsi:type="string">Swissup\Askit\Model\ResourceModel\Message</argument>
        </arguments>
    </virtualType> -->

    <type name="Magento\Framework\View\Element\UiComponent\DataProvider\CollectionFactory">
        <arguments>
            <argument name="collections" xsi:type="array">
                <item name="askit_question_listing_data_source" xsi:type="string">Swissup\Askit\Model\ResourceModel\Question\Grid\Collection</item>
                <item name="askit_answer_listing_data_source" xsi:type="string">Swissup\Askit\Model\ResourceModel\Answer\Grid\Collection</item>
            </argument>
        </arguments>
    </type>

    <virtualType name="AskitQuestionGridFilterPool" type="Magento\Framework\View\Element\UiComponent\DataProvider\FilterPool">
        <arguments>
            <argument name="appliers" xsi:type="array">
                <item name="regular" xsi:type="object">Magento\Framework\View\Element\UiComponent\DataProvider\RegularFilter</item>
                <item name="fulltext" xsi:type="object">Magento\Framework\View\Element\UiComponent\DataProvider\FulltextFilter</item>
            </argument>
        </arguments>
    </virtualType>
    <virtualType name="AskitQuestionGridDataProvider" type="Swissup\Askit\Ui\DataProvider\Product\QuestionDataProvider">
    <!-- <virtualType name="AskitQuestionGridDataProvider" type="Magento\Framework\View\Element\UiComponent\DataProvider\DataProvider"> -->
        <arguments>
            <!-- <argument name="collection" xsi:type="object" shared="false">Swissup\Askit\Model\ResourceModel\Question\Grid\Collection</argument> -->
            <argument name="filterPool" xsi:type="object" shared="false">AskitQuestionGridFilterPool</argument>
        </arguments>
    </virtualType>

    <type name="Magento\Backend\Controller\Adminhtml\Index\GlobalSearch">
        <arguments>
            <argument name="searchModules" xsi:type="array">
                <item name="questions" xsi:type="array">
                    <item name="class" xsi:type="string">Swissup\Askit\Model\Search\Message</item>
                    <item name="acl" xsi:type="string">Swissup_Askit::question</item>
                </item>
            </argument>
        </arguments>
    </type>

</config>