<?xml version="1.0"?>
<config xmlns:xsi="http://www.w3.org/2001/XMLSchema-instance" xsi:noNamespaceSchemaLocation="urn:magento:framework:Module/etc/module.xsd">
    <module name="Swissup_Askit" setup_version="1.2.6">
         <sequence>
            <module name="Magento_Customer"/>
            <module name="Magento_Store"/>
            <module name="Magento_Cms"/>
            <module name="Magento_UrlRewrite"/>
            <module name="Magento_Catalog"/>
            <module name="Magento_User"/>
            <module name="Magento_Widget"/>
            <module name="Magento_Backend"/>
            <module name="Magento_Captcha"/>
        </sequence>
    </module>
</config>