<?xml version="1.0"?>
<config xmlns:xsi="http://www.w3.org/2001/XMLSchema-instance" xsi:noNamespaceSchemaLocation="urn:magento:framework:ObjectManager/etc/config.xsd">
    <!-- Magento Cloud Fix. @see https://github.com/magento/magento2/issues/12100#issuecomment-513056966 -->
    <type name="Swissup\SeoTemplates\Model\Rule\Condition\CombineFactory" />

    <type name="Swissup\SeoTemplates\Model\Template">
        <arguments>
            <argument name="data" xsi:type="array">
                <item name="combineFactory" xsi:type="object">Swissup\SeoTemplates\Model\Rule\Condition\CombineFactory</item>
                <item name="actionCollectionFactory" xsi:type="object">Magento\CatalogRule\Model\Rule\Action\CollectionFactory</item>
                <item name="processor" xsi:type="array">
                    <item name="catalog_product" xsi:type="object">Swissup\SeoTemplates\Model\Filter\Product</item>
                    <item name="catalog_category" xsi:type="object">Swissup\SeoTemplates\Model\Filter\Category</item>
                </item>
            </argument>
        </arguments>
    </type>
    <type name="Swissup\SeoTemplates\Model\Generator">
        <arguments>
            <argument name="data" xsi:type="array">
                <item name="collectionFactories" xsi:type="array">
                    <item name="catalog_product" xsi:type="object">Magento\Catalog\Model\ResourceModel\Product\CollectionFactory</item>
                    <item name="catalog_category" xsi:type="object">Magento\Catalog\Model\ResourceModel\Category\CollectionFactory</item>
                </item>
                <item name="exceptions" xsi:type="array">
                    <item name="load_failed" xsi:type="string">Failed to load %1 with ID %2 and store %3.</item>
                </item>
            </argument>
        </arguments>
    </type>
    <type name="Swissup\SeoTemplates\Model\Filter\Category">
        <arguments>
            <argument name="filterList" xsi:type="object">categoryFilterList</argument>
        </arguments>
    </type>
    <type name="Magento\Framework\Console\CommandList">
        <arguments>
            <argument name="commands" xsi:type="array">
                <item name="swissup_seotemplates_generate" xsi:type="object">Swissup\SeoTemplates\Console\Command\GenerateCommand</item>
            </argument>
        </arguments>
    </type>
</config>
