<?xml version="1.0"?>
<view xmlns:xsi="http://www.w3.org/2001/XMLSchema-instance" xsi:noNamespaceSchemaLocation="urn:magento:framework:Config/etc/view.xsd">
    <media>
        <images module="Magento_Catalog">
            <image id="swissupamp_category_page_grid" type="small_image">
                <width>300</width>
                <height>300</height>
                <constrain>true</constrain>
                <aspect_ratio>true</aspect_ratio>
                <frame>true</frame>
            </image>
            <image id="swissupamp_category_page_list" type="small_image">
                <width>300</width>
                <height>300</height>
                <constrain>true</constrain>
                <aspect_ratio>true</aspect_ratio>
                <frame>true</frame>
            </image>
            <image id="swissupamp_product_page_image_medium" type="image">
                <width>710</width>
                <height>550</height>
            </image>
        </images>
    </media>
</view>
