<?xml version="1.0"?>
<config xmlns:xsi="http://www.w3.org/2001/XMLSchema-instance"
        xsi:noNamespaceSchemaLocation="urn:magento:module:Magento_Config:etc/system_file.xsd">
    <system>
        <section id="swissup_argento_stripes" translate="label" type="text" sortOrder="70" showInDefault="1" showInWebsite="1" showInStore="1">
            <label>Argento Stripes</label>
            <tab>theme_editor</tab>
            <resource>Swissup_ThemeEditorArgentoStripes::config</resource>

            <include path="Swissup_ThemeEditorArgentoStripes::system/layout.xml"/>
            <include path="Swissup_ThemeEditorArgentoStripes::system/header.xml"/>
            <include path="Swissup_ThemeEditorArgentoStripes::system/footer.xml"/>
            <include path="Swissup_ThemeEditorArgentoStripes::system/tabs.xml"/>
            <include path="Swissup_ThemeEditorArgentoStripes::system/buttons.xml"/>
            <include path="Swissup_ThemeEditorArgentoStripes::system/fonts.xml"/>
            <include path="Swissup_ThemeEditorArgentoStripes::system/category.xml"/>
            <include path="Swissup_ThemeEditorArgentoStripes::system/product.xml"/>
            <include path="Swissup_ThemeEditor::system/head.xml"/>
        </section>
    </system>
</config>
