<?xml version="1.0"?>
<include xmlns:xsi="http://www.w3.org/2001/XMLSchema-instance"
        xsi:noNamespaceSchemaLocation="urn:magento:module:Magento_Config:etc/system_include.xsd">
    <group id="buttons" translate="label" type="text" sortOrder="40" showInDefault="1" showInWebsite="1" showInStore="1">
        <label>Buttons</label>
        <field id="button_heading" translate="label" type="text" sortOrder="10" showInDefault="1" showInWebsite="1" showInStore="1">
            <label>Primary Buttons</label>
            <frontend_model>Swissup\ThemeEditor\Block\Adminhtml\System\Config\Form\Field\CssSelectorHeading</frontend_model>
        </field>
        <field id="button_background" translate="label" type="text" sortOrder="40" showInDefault="1" showInWebsite="1" showInStore="1" canRestore="1">
            <label>Background</label>
        </field>
        <field id="button_color" translate="label" type="text" sortOrder="50" showInDefault="1" showInWebsite="1" showInStore="1" canRestore="1">
            <label>Font Color</label>
            <frontend_model>Swissup\ThemeEditor\Block\Adminhtml\System\Config\Form\Field\Color</frontend_model>
        </field>
        <field id="buttonHover_background" translate="label" type="text" sortOrder="70" showInDefault="1" showInWebsite="1" showInStore="1" canRestore="1">
            <label>Hover State Background</label>
        </field>
        <field id="buttonHover_color" translate="label" type="text" sortOrder="80" showInDefault="1" showInWebsite="1" showInStore="1" canRestore="1">
            <label>Hover State Font Color</label>
            <frontend_model>Swissup\ThemeEditor\Block\Adminhtml\System\Config\Form\Field\Color</frontend_model>
        </field>

        <field id="buttonSecondary_heading" translate="label" type="text" sortOrder="90" showInDefault="1" showInWebsite="1" showInStore="1">
            <label>Other Buttons</label>
            <frontend_model>Swissup\ThemeEditor\Block\Adminhtml\System\Config\Form\Field\CssSelectorHeading</frontend_model>
        </field>
        <field id="buttonSecondary_background" translate="label" type="text" sortOrder="100" showInDefault="1" showInWebsite="1" showInStore="1" canRestore="1">
            <label>Background</label>
        </field>
        <field id="buttonSecondary_color" translate="label" type="text" sortOrder="120" showInDefault="1" showInWebsite="1" showInStore="1" canRestore="1">
            <label>Font Color</label>
            <frontend_model>Swissup\ThemeEditor\Block\Adminhtml\System\Config\Form\Field\Color</frontend_model>
        </field>
        <field id="buttonSecondaryHover_background" translate="label" type="text" sortOrder="130" showInDefault="1" showInWebsite="1" showInStore="1" canRestore="1">
            <label>Hover Background</label>
        </field>
        <field id="buttonSecondaryHover_color" translate="label" type="text" sortOrder="150" showInDefault="1" showInWebsite="1" showInStore="1" canRestore="1">
            <label>Hover Font Color</label>
            <frontend_model>Swissup\ThemeEditor\Block\Adminhtml\System\Config\Form\Field\Color</frontend_model>
        </field>
    </group>
</include>
