<?xml version="1.0"?>
<include xmlns:xsi="http://www.w3.org/2001/XMLSchema-instance"
        xsi:noNamespaceSchemaLocation="urn:magento:module:Magento_Config:etc/system_include.xsd">
    <group id="footer" translate="label" showInDefault="1" showInWebsite="1" showInStore="1" sortOrder="15">
        <label>Footer</label>

        <group id="footer" translate="label" type="text" sortOrder="10" showInDefault="1" showInWebsite="1" showInStore="1">
            <label>Footer</label>
            <field id="footer_heading" translate="label" type="text" sortOrder="10" showInDefault="1" showInWebsite="1" showInStore="1">
                <label>Background</label>
                <frontend_model>Swissup\ThemeEditor\Block\Adminhtml\System\Config\Form\Field\CssSelectorHeading</frontend_model>
            </field>
            <field id="footer_backgroundColor" translate="label" type="text" sortOrder="20" showInDefault="1" showInWebsite="1" showInStore="1" canRestore="1">
                <label>Color</label>
                <frontend_model>Swissup\ThemeEditor\Block\Adminhtml\System\Config\Form\Field\Color</frontend_model>
            </field>
            <field id="footer_backgroundImage" translate="label" type="image" sortOrder="30" showInDefault="1" showInWebsite="1" showInStore="1" canRestore="1">
                <label>Image</label>
                <frontend_model>Swissup\ThemeEditor\Block\Adminhtml\System\Config\Form\Field\Image</frontend_model>
                <backend_model>Swissup\ThemeEditor\Model\Config\Backend\Image</backend_model>
            </field>
            <field id="footer_backgroundRepeat" translate="label" type="select" sortOrder="40" showInDefault="1" showInWebsite="1" showInStore="1" canRestore="1">
                <label>Repeat</label>
                <source_model>Swissup\ThemeEditor\Model\Config\Source\BackgroundRepeat</source_model>
            </field>
            <field id="footer_backgroundPosition" translate="label" type="text" sortOrder="50" showInDefault="1" showInWebsite="1" showInStore="1" canRestore="1">
                <label>Position</label>
                <comment>Values should include dimension units: 50% or -20px or 5em, etc</comment>
                <frontend_model>Swissup\ThemeEditor\Block\Adminhtml\System\Config\Form\Field\BackgroundPosition</frontend_model>
            </field>

            <field id="footerText_heading" translate="label" type="text" sortOrder="100" showInDefault="1" showInWebsite="1" showInStore="1">
                <label>Font</label>
                <frontend_model>Swissup\ThemeEditor\Block\Adminhtml\System\Config\Form\Field\CssSelectorHeading</frontend_model>
            </field>
            <field id="footerText_color" translate="label" type="text" sortOrder="110" showInDefault="1" showInWebsite="1" showInStore="1" canRestore="1">
                <label>Text Color</label>
                <frontend_model>Swissup\ThemeEditor\Block\Adminhtml\System\Config\Form\Field\Color</frontend_model>
            </field>
            <field id="footerLinks_color" translate="label" type="text" sortOrder="120" showInDefault="1" showInWebsite="1" showInStore="1" canRestore="1">
                <label>Links Color</label>
                <frontend_model>Swissup\ThemeEditor\Block\Adminhtml\System\Config\Form\Field\Color</frontend_model>
            </field>
        </group>

        <group id="bottomToolbarContainer" translate="label" type="text" sortOrder="20" showInDefault="1" showInWebsite="1" showInStore="1">
            <label>Bottom toolbar container</label>
            <field id="footerBottomToolbar_heading" translate="label" type="text" sortOrder="10" showInDefault="1" showInWebsite="1" showInStore="1">
                <label>Background</label>
                <frontend_model>Swissup\ThemeEditor\Block\Adminhtml\System\Config\Form\Field\CssSelectorHeading</frontend_model>
            </field>
            <field id="footerBottomToolbar_backgroundColor" translate="label" type="text" sortOrder="20" showInDefault="1" showInWebsite="1" showInStore="1" canRestore="1">
                <label>Color</label>
                <frontend_model>Swissup\ThemeEditor\Block\Adminhtml\System\Config\Form\Field\Color</frontend_model>
            </field>
            <field id="footerBottomToolbar_backgroundImage" translate="label" type="image" sortOrder="30" showInDefault="1" showInWebsite="1" showInStore="1" canRestore="1">
                <label>Image</label>
                <frontend_model>Swissup\ThemeEditor\Block\Adminhtml\System\Config\Form\Field\Image</frontend_model>
                <backend_model>Swissup\ThemeEditor\Model\Config\Backend\Image</backend_model>
            </field>
            <field id="footerBottomToolbar_backgroundRepeat" translate="label" type="select" sortOrder="40" showInDefault="1" showInWebsite="1" showInStore="1" canRestore="1">
                <label>Repeat</label>
                <source_model>Swissup\ThemeEditor\Model\Config\Source\BackgroundRepeat</source_model>
            </field>
            <field id="footerBottomToolbar_backgroundPosition" translate="label" type="text" sortOrder="50" showInDefault="1" showInWebsite="1" showInStore="1" canRestore="1">
                <label>Position</label>
                <comment>Values should include dimension units: 50% or -20px or 5em, etc</comment>
                <frontend_model>Swissup\ThemeEditor\Block\Adminhtml\System\Config\Form\Field\BackgroundPosition</frontend_model>
            </field>

            <field id="footerBottomToolbarText_heading" translate="label" type="text" sortOrder="100" showInDefault="1" showInWebsite="1" showInStore="1">
                <label>Font</label>
                <frontend_model>Swissup\ThemeEditor\Block\Adminhtml\System\Config\Form\Field\CssSelectorHeading</frontend_model>
            </field>
            <field id="footerBottomToolbarText_color" translate="label" type="text" sortOrder="110" showInDefault="1" showInWebsite="1" showInStore="1" canRestore="1">
                <label>Color</label>
                <frontend_model>Swissup\ThemeEditor\Block\Adminhtml\System\Config\Form\Field\Color</frontend_model>
            </field>
        </group>
    </group>
</include>
