<?xml version="1.0"?>
<include xmlns:xsi="http://www.w3.org/2001/XMLSchema-instance"
        xsi:noNamespaceSchemaLocation="urn:magento:module:Magento_Config:etc/system_include.xsd">
    <group id="tabs" translate="label" type="text" sortOrder="30" showInDefault="1" showInWebsite="1" showInStore="1">
        <label>Product Tabs</label>

        <field id="tab_padding" translate="label" type="text" sortOrder="10" showInDefault="1" showInWebsite="1" showInStore="1" canRestore="1">
            <label>Padding</label>
        </field>
        <field id="tab_fontFamily" translate="label" type="text" sortOrder="20" showInDefault="1" showInWebsite="1" showInStore="1" canRestore="1">
            <label>Font-family</label>
        </field>
        <field id="tab_fontSize" translate="label" type="text" sortOrder="30" showInDefault="1" showInWebsite="1" showInStore="1" canRestore="1">
            <label>Font size</label>
        </field>
        <field id="tab_fontWeight" translate="label" type="text" sortOrder="40" showInDefault="1" showInWebsite="1" showInStore="1" canRestore="1">
            <label>Font weight</label>
        </field>
        <field id="tab_textTransform" translate="label" type="select" sortOrder="50" showInDefault="1" showInWebsite="1" showInStore="1" canRestore="1">
            <label> transform</label>
            <source_model>Swissup\ThemeEditor\Model\Config\Source\TextTransform</source_model>
        </field>
        <field id="tab_background" translate="label" type="text" sortOrder="55" showInDefault="1" showInWebsite="1" showInStore="1" canRestore="1">
            <label>Background Color</label>
            <frontend_model>Swissup\ThemeEditor\Block\Adminhtml\System\Config\Form\Field\Color</frontend_model>
        </field>
        <field id="tab_color" translate="label" type="text" sortOrder="60" showInDefault="1" showInWebsite="1" showInStore="1" canRestore="1">
            <label>Font color</label>
            <frontend_model>Swissup\ThemeEditor\Block\Adminhtml\System\Config\Form\Field\Color</frontend_model>
        </field>
        <field id="tabBorder_borderColor" translate="label" type="text" sortOrder="70" showInDefault="1" showInWebsite="1" showInStore="1" canRestore="1">
            <label>Border color</label>
            <frontend_model>Swissup\ThemeEditor\Block\Adminhtml\System\Config\Form\Field\Color</frontend_model>
        </field>

        <field id="tabHoverNoSelector_heading" translate="label" type="text" sortOrder="80" showInDefault="1" showInWebsite="1" showInStore="1">
            <label>Hover state</label>
            <frontend_model>Swissup\ThemeEditor\Block\Adminhtml\System\Config\Form\Field\CssSelectorHeading</frontend_model>
        </field>
        <field id="tabHover_background" translate="label" type="text" sortOrder="90" showInDefault="1" showInWebsite="1" showInStore="1" canRestore="1">
            <label>Background Color</label>
            <frontend_model>Swissup\ThemeEditor\Block\Adminhtml\System\Config\Form\Field\Color</frontend_model>
        </field>
        <field id="tabHover_color" translate="label" type="text" sortOrder="100" showInDefault="1" showInWebsite="1" showInStore="1" canRestore="1">
            <label>Font color</label>
            <frontend_model>Swissup\ThemeEditor\Block\Adminhtml\System\Config\Form\Field\Color</frontend_model>
        </field>
        <field id="tabActiveNoSelector_heading" translate="label" type="text" sortOrder="110" showInDefault="1" showInWebsite="1" showInStore="1">
            <label>Active state</label>
            <frontend_model>Swissup\ThemeEditor\Block\Adminhtml\System\Config\Form\Field\CssSelectorHeading</frontend_model>
        </field>
        <field id="tabActive_background" translate="label" type="text" sortOrder="120" showInDefault="1" showInWebsite="1" showInStore="1" canRestore="1">
            <label>Background Color</label>
            <frontend_model>Swissup\ThemeEditor\Block\Adminhtml\System\Config\Form\Field\Color</frontend_model>
        </field>
        <field id="tabActive_color" translate="label" type="text" sortOrder="130" showInDefault="1" showInWebsite="1" showInStore="1" canRestore="1">
            <label>Font color</label>
            <frontend_model>Swissup\ThemeEditor\Block\Adminhtml\System\Config\Form\Field\Color</frontend_model>
        </field>
    </group>
</include>
