<?xml version="1.0"?>
<config>
    <command class="Swissup\Marketplace\Installer\Command\CmsBlock">
        <data>
            <item>
                <item name="title">header_cms_links</item>
                <item name="identifier">header_cms_links</item>
                <item name="content" helper="Swissup\Marketplace\Installer\Helper\Renderer::render">
                    <param name="path" type="path">content/cms_block/header_cms_links.html</param>
                </item>
            </item>
            <item>
                <item name="title">header_cms_content</item>
                <item name="identifier">header_cms_content</item>
                <item name="content" helper="Swissup\Marketplace\Installer\Helper\Renderer::render">
                    <param name="path" type="path">content/cms_block/header_cms_content.html</param>
                </item>
            </item>
            <item>
                <item name="title">product_sidebar</item>
                <item name="identifier">product_sidebar</item>
                <item name="content" helper="Swissup\Marketplace\Installer\Helper\Renderer::render">
                    <param name="path" type="path">content/cms_block/product_sidebar.html</param>
                </item>
            </item>
            <item>
                <item name="title">services_sidebar</item>
                <item name="identifier">services_sidebar</item>
                <item name="content" helper="Swissup\Marketplace\Installer\Helper\Renderer::render">
                    <param name="path" type="path">content/cms_block/services_sidebar.html</param>
                </item>
            </item>
            <item>
                <item name="title">footer_cms_content</item>
                <item name="identifier">footer_cms_content</item>
                <item name="content" helper="Swissup\Marketplace\Installer\Helper\Renderer::render">
                    <param name="path" type="path">content/cms_block/footer_cms_content.html</param>
                </item>
            </item>
        </data>
    </command>
</config>
