<?xml version="1.0"?>
<config>
    <command class="Swissup\Easybanner\Installer\Command\Banner" module="Swissup_Easybanner">
        <data>
            <item>
                <item name="name">argento_pure2_home_wide</item>
                <item name="limit">1</item>
                <item name="banners">
                    <item>
                        <item name="identifier">free_ground_delivery</item>
                        <item name="title">Free Shipping</item>
                        <item name="url">free_ground_delivery</item>
                        <item name="image">/argento/pure2/argento_pure2_callout_home1.png</item>
                        <item name="width">1019</item>
                        <item name="height">100</item>
                    </item>
                </item>
            </item>
        </data>
    </command>
</config>
