<?xml version="1.0"?>
<config>
    <command class="Swissup\Easytabs\Installer\Command\Tabs" module="Swissup_Easytabs">
        <data>
            <item>
                <item name="title">Upsells</item>
                <item name="alias">upsells</item>
                <item name="block">Magento\Catalog\Block\Product\ProductList\Upsell</item>
                <item name="block_arguments">type:upsell</item>
                <item name="sort_order">40</item>
                <item name="status">1</item>
                <item name="widget_template">Magento_Catalog::product/list/items.phtml</item>
                <item name="widget_unset">product.info.upsell</item>
            </item>
            <item>
                <item name="title">Questions ({{eval code="getCount()"}})</item>
                <item name="alias">questions</item>
                <item name="block">Swissup\Easytabs\Block\Tab\Template</item>
                <item name="sort_order">60</item>
                <item name="status">1</item>
                <item name="widget_block">Swissup\Askit\Block\Question\Widget</item>
                <item name="widget_template">template.phtml</item>
                <item name="widget_unset">askit_listing,askit_form</item>
            </item>
            <item>
                <item name="title">New Products</item>
                <item name="alias">new.products</item>
                <item name="block">Swissup\Easytabs\Block\Tab\Html</item>
                <item name="sort_order">10</item>
                <item name="status">1</item>
                <item name="widget_block" />
                <item name="widget_template" />
                <item name="widget_unset" />
                <item name="widget_content">{{widget type="Swissup\Highlight\Block\ProductList\NewList" title="" products_count="6" column_count="3" order="default" dir="desc" template="Swissup_Highlight::product/list.phtml" mode="grid" show_page_link="1" page_link_title="Shop New"}}</item>
                <item name="widget_tab">1</item>
                <item name="is_ajax">1</item>
            </item>
            <item>
                <item name="title">Special Offers</item>
                <item name="alias">special.offers</item>
                <item name="block">Swissup\Easytabs\Block\Tab\Html</item>
                <item name="sort_order">20</item>
                <item name="status">1</item>
                <item name="widget_block" />
                <item name="widget_template" />
                <item name="widget_unset" />
                <item name="widget_content">{{widget type="Swissup\Highlight\Block\ProductList\Onsale" title="" products_count="6" column_count="3" order="default" dir="desc" template="Swissup_Highlight::product/list.phtml" mode="grid" show_page_link="1" page_link_title="Shop Sale"}}</item>
                <item name="widget_tab">1</item>
                <item name="is_ajax">1</item>
            </item>
            <item>
                <item name="title">Bestsellers</item>
                <item name="alias">bestsellers</item>
                <item name="block">Swissup\Easytabs\Block\Tab\Html</item>
                <item name="sort_order">30</item>
                <item name="status">1</item>
                <item name="widget_block" />
                <item name="widget_template" />
                <item name="widget_unset" />
                <item name="widget_content">{{widget type="Swissup\Highlight\Block\ProductList\Bestsellers" title="" products_count="6" column_count="3" template="Swissup_Highlight::product/list.phtml" mode="grid" period="P6M" show_page_link="1" page_link_title="Shop Bestsellers" min_popularity="1"}}</item>
                <item name="widget_tab">1</item>
                <item name="is_ajax">1</item>
            </item>
            <item>
                <item name="title">Popular</item>
                <item name="alias">popular</item>
                <item name="block">Swissup\Easytabs\Block\Tab\Html</item>
                <item name="sort_order">40</item>
                <item name="status">1</item>
                <item name="widget_block" />
                <item name="widget_template" />
                <item name="widget_unset" />
                <item name="widget_content">{{widget type="Swissup\Highlight\Block\ProductList\Popular" title="" products_count="6" column_count="3" template="Swissup_Highlight::product/list.phtml" mode="grid" period="P6M" show_page_link="1" page_link_title="Shop Popular" min_popularity="1"}}</item>
                <item name="widget_tab">1</item>
                <item name="is_ajax">1</item>
            </item>
            <item>
                <item name="title">Editor's Choice</item>
                <item name="alias">editors.choice</item>
                <item name="block">Swissup\Easytabs\Block\Tab\Html</item>
                <item name="sort_order">50</item>
                <item name="status">1</item>
                <item name="widget_block" />
                <item name="widget_template" />
                <item name="widget_unset" />
                <item name="widget_content">{{widget type="Swissup\Highlight\Block\ProductList\Attribute\Yesno" title="Editor's Choice" attribute_code="recommended" products_count="6" column_count="3" order="default" dir="asc" template="Swissup_Highlight::product/list.phtml" mode="grid"}}</item>
                <item name="widget_tab">1</item>
                <item name="is_ajax">1</item>
            </item>
        </data>
    </command>
</config>
