<?xml version="1.0"?>
<config>
    <command class="Swissup\EasySlide\Installer\Command\Slider" module="Swissup_EasySlide">
        <data>
            <item>
                <item name="title">Argento Pure2</item>
                <item name="identifier">argento_pure2</item>
                <item name="theme">black</item>
                <item name="pagination">1</item>
                <item name="lazy">1</item>
                <item name="sizes">
                    <item name="sizes">
                        <item>
                            <item name="media_query">(max-width: 480px)</item>
                            <item name="image_width">480</item>
                        </item>
                        <item>
                            <item name="media_query">(max-width: 768px)</item>
                            <item name="image_width">768</item>
                        </item>
                    </item>
                </item>
                <item name="slides">
                    <item>
                        <item name="title">Slide 1</item>
                        <item name="image">argento/pure2/argento_pure2_slide_1.jpg</item>
                        <item name="desc_position">bottom</item>
                        <item name="desc_background">transparent</item>
                        <item name="sort_order">10</item>
                    </item>
                    <item>
                        <item name="title">Slide 2</item>
                        <item name="image">argento/pure2/argento_pure2_slide_2.jpg</item>
                        <item name="desc_position">bottom</item>
                        <item name="desc_background">transparent</item>
                        <item name="sort_order">20</item>
                    </item>
                    <item>
                        <item name="title">Slide 3</item>
                        <item name="image">argento/pure2/argento_pure2_slide_3.jpg</item>
                        <item name="desc_position">bottom</item>
                        <item name="desc_background">transparent</item>
                        <item name="sort_order">30</item>
                    </item>
                </item>
            </item>
        </data>
    </command>
</config>
