<?xml version="1.0" encoding="UTF-8"?>
<widgets xmlns:xsi="http://www.w3.org/2001/XMLSchema-instance"
         xsi:noNamespaceSchemaLocation="urn:magento:module:Magento_Widget:etc/widget.xsd">
    <widget id="easytabs_html" class="Swissup\Easytabs\Block\Tab\Html" is_email_compatible="false"
        placeholder_image="" ttl="86400">
        <label translate="true">Html content</label>
        <description>Insert any html content in tab</description>
        <parameters>
            <parameter name="widget_content_placeholder" xsi:type="block" required="false" visible="false">
                <label translate="true">Content</label>
                <block class="Swissup\Easytabs\Block\Adminhtml\Widget\Form\Renderer\Fieldset\Element\Editor"></block>
            </parameter>
            <parameter name="widget_unset" xsi:type="text" required="false" visible="true">
                <label translate="true">Unset</label>
                <value></value>
            </parameter>
        </parameters>
    </widget>
    <widget id="easytabs_template" class="Swissup\Easytabs\Block\Tab\Template" is_email_compatible="false"
        placeholder_image="" ttl="86400">
        <label translate="true">Custom Block</label>
        <description>Create custom tab based on custom block and template</description>
        <parameters>
            <parameter name="widget_block" xsi:type="text" required="true" visible="true">
                <label translate="true">Block</label>
                <value></value>
            </parameter>
            <parameter name="widget_template" xsi:type="text" required="true" visible="true">
                <label translate="true">Template</label>
                <value></value>
            </parameter>
            <parameter name="widget_unset" xsi:type="text" required="false" visible="true">
                <label translate="true">Unset</label>
                <value></value>
            </parameter>
        </parameters>
    </widget>
    <widget id="easytabs_attribute" class="Swissup\Easytabs\Block\Tab\Attribute" is_email_compatible="false"
        placeholder_image="" ttl="86400">
        <label translate="true">Product attribute</label>
        <description>Create tab based on product attribute</description>
        <parameters>
            <parameter name="widget_identifier" xsi:type="block" required="true" visible="true">
                <label translate="true">Attribute Code</label>
                <block class="Swissup\Easytabs\Block\Form\Element\Renderer\UiSelect">
                    <data>
                        <item name="scope_name" xsi:type="string">swissup_easytabs_uiselect</item>
                        <item name="source_model" xsi:type="object">Swissup\Easytabs\Model\Product\Attribute\Collection</item>
                    </data>
                </block>
            </parameter>
            <parameter name="widget_template" xsi:type="text" required="true" visible="true">
                <label translate="true">Template</label>
                <value>tab/catalog/product/attribute.phtml</value>
            </parameter>
        </parameters>
    </widget>
    <widget id="easytabs_product_description" class="Magento\Catalog\Block\Product\View\Description" is_email_compatible="false"
        placeholder_image="" ttl="86400">
        <label translate="true">Product Description</label>
        <description>Show product description in tab</description>
        <parameters>
            <parameter name="widget_template" xsi:type="text" required="true" visible="true">
                <label translate="true">Template</label>
                <value>Magento_Catalog::product/view/description.phtml</value>
            </parameter>
            <parameter name="widget_unset" xsi:type="text" required="false" visible="true">
                <label translate="true">Unset</label>
                <value></value>
            </parameter>
        </parameters>
    </widget>
    <widget id="easytabs_product_additional" class="Magento\Catalog\Block\Product\View\Attributes" is_email_compatible="false"
        placeholder_image="" ttl="86400">
        <label translate="true">Additional Information</label>
        <description>Show product additional information in tab</description>
        <parameters>
            <parameter name="widget_template" xsi:type="text" required="true" visible="true">
                <label translate="true">Template</label>
                <value>Magento_Catalog::product/view/attributes.phtml</value>
            </parameter>
            <parameter name="widget_unset" xsi:type="text" required="false" visible="true">
                <label translate="true">Unset</label>
                <value></value>
            </parameter>
        </parameters>
    </widget>
    <widget id="easytabs_product_upsell" class="Magento\Catalog\Block\Product\ProductList\Upsell" is_email_compatible="false"
        placeholder_image="" ttl="86400">
        <label translate="true">We Also Recommend</label>
        <description>Show we also recommend (upsell) products in tab</description>
        <parameters>
            <parameter name="widget_template" xsi:type="text" required="true" visible="true">
                <label translate="true">Template</label>
                <value>Magento_Catalog::product/list/items.phtml</value>
            </parameter>
            <parameter name="widget_unset" xsi:type="text" required="false" visible="true">
                <label translate="true">Unset</label>
                <value>product.info.upsell</value>
            </parameter>
            <parameter name="block_arguments" xsi:type="text" required="false" visible="false">
                <value>type:upsell</value>
            </parameter>
        </parameters>
    </widget>
    <widget id="easytabs_product_related" class="Magento\Catalog\Block\Product\ProductList\Related" is_email_compatible="false"
        placeholder_image="" ttl="86400">
        <label translate="true">Related Products</label>
        <description>Show related products in tab</description>
        <parameters>
            <parameter name="widget_template" xsi:type="text" required="true" visible="true">
                <label translate="true">Template</label>
                <value>Magento_Catalog::product/list/items.phtml</value>
            </parameter>
            <parameter name="widget_unset" xsi:type="text" required="false" visible="true">
                <label translate="true">Unset</label>
                <value>catalog.product.related</value>
            </parameter>
            <parameter name="block_arguments" xsi:type="text" required="false" visible="false">
                <value>type:related</value>
            </parameter>
        </parameters>
    </widget>
    <widget id="easytabs_product_review" class="Swissup\Easytabs\Block\Tab\Product\Review" is_email_compatible="false"
        placeholder_image="" ttl="86400">
        <label translate="true">Product's Reviews</label>
        <description>Show product reviews in tab</description>
        <parameters>
            <parameter name="widget_template" xsi:type="text" required="true" visible="true">
                <label translate="true">Template</label>
                <value>Magento_Review::review.phtml</value>
            </parameter>
            <parameter name="widget_unset" xsi:type="text" required="false" visible="true">
                <label translate="true">Unset</label>
                <value></value>
            </parameter>
        </parameters>
    </widget>
    <widget id="easytabs_cms" class="Swissup\Easytabs\Block\Tab\Cms" is_email_compatible="false"
        placeholder_image="" ttl="86400">
        <label translate="true">CMS Static Block</label>
        <description>Show CMS static block content in tab</description>
        <parameters>
            <parameter name="widget_identifier" xsi:type="block" required="true" visible="true">
                <label translate="true">Identifier</label>
                <block class="Swissup\Easytabs\Block\Adminhtml\CmsBlockChooser">
                    <data>
                        <item name="button" xsi:type="array">
                            <item name="open" xsi:type="string" translate="true">Select Block...</item>
                        </item>
                    </data>
                </block>
            </parameter>
            <parameter name="widget_template" xsi:type="text" required="true" visible="true">
                <label translate="true">Template</label>
                <value>Swissup_Easytabs::tab/cms.phtml</value>
            </parameter>
        </parameters>
    </widget>
</widgets>
