<?xml version="1.0" encoding="UTF-8"?>
<widgets xmlns:xsi="http://www.w3.org/2001/XMLSchema-instance"
         xsi:noNamespaceSchemaLocation="urn:magento:module:Magento_Widget:etc/widget.xsd">
    <widget id="swissup_testimonials_side_list" class="Swissup\Testimonials\Block\Widgets\SideList" is_email_compatible="false"
        placeholder_image="Swissup_Testimonials::images/list.png" ttl="86400">
        <label translate="true">Testimonials: List of testimonials (for side panel)</label>
        <description>Shows changing testimonials list in side panel</description>
        <parameters>
            <parameter name="hide_block_design" xsi:type="select" visible="true" source_model="Magento\Config\Model\Config\Source\Yesno">
                <label translate="true">Hide block title and link</label>
                <description>Enable if you want to use your own title design or link</description>
            </parameter>
            <parameter name="items_number" xsi:type="text" required="true" visible="true">
                <label translate="true">Number of testimonials</label>
                <value>5</value>
            </parameter>
            <parameter name="view_time" xsi:type="text" required="true" visible="true">
                <label translate="true">Show next testimonial after, ms</label>
                <value>10000</value>
            </parameter>
            <parameter name="anim_duration" xsi:type="text" required="true" visible="true">
                <label translate="true">Change animation duration, ms</label>
                <value>1000</value>
            </parameter>
        </parameters>
    </widget>
    <widget id="swissup_testimonials_side_review" class="Swissup\Testimonials\Block\Widgets\SideReview" is_email_compatible="false"
        placeholder_image="Swissup_Testimonials::images/review.png" ttl="86400">
        <label translate="true">Testimonials: Review block (for side panel)</label>
        <description>Shows total number of testimonials and average testimonial rating in side panel</description>
        <parameters>
            <parameter name="hide_block_design" xsi:type="select" visible="true" source_model="Magento\Config\Model\Config\Source\Yesno">
                <label translate="true">Hide block title and link</label>
                <description>Enable if you want to use your own title design or link</description>
            </parameter>
        </parameters>
    </widget>
    <widget id="swissup_testimonials_form" class="Swissup\Testimonials\Block\Widgets\Form" is_email_compatible="false"
        placeholder_image="Swissup_Testimonials::images/form.png" ttl="86400">
        <label translate="true">Testimonials: Submit Form</label>
        <description>Shows testimonials submit form</description>
    </widget>
    <widget id="swissup_testimonials_list" class="Swissup\Testimonials\Block\TestimonialsList" is_email_compatible="false"
        placeholder_image="Swissup_Testimonials::images/list.png" ttl="86400">
        <label translate="true">Testimonials: Full testimonials list</label>
        <description>Shows full testimonials list with load more button</description>
    </widget>
    <widget id="swissup_testimonials_slider" class="Swissup\Testimonials\Block\Widgets\Slider" is_email_compatible="false"
        placeholder_image="Swissup_Testimonials::images/review.png" ttl="86400">
        <label translate="true">Testimonials: Slider (for content area)</label>
        <description>Shows full width testimonials slider</description>
        <parameters>
            <parameter name="items_number" xsi:type="text" required="true" visible="true">
                <label translate="true">Number of testimonials</label>
                <value>6</value>
            </parameter>
            <parameter name="title" xsi:type="text" required="false" visible="true">
                <label translate="true">Block title</label>
                <value>What Clients Say</value>
            </parameter>
            <parameter name="slides_to_show" xsi:type="select" required="false" visible="true">
                <label translate="true">Visible Slides Number</label>
                <options>
                    <option name="1" value="1" selected="true">
                        <label>1</label>
                    </option>
                    <option name="2" value="2">
                        <label>2</label>
                    </option>
                    <option name="3" value="3">
                        <label>3</label>
                    </option>
                </options>
            </parameter>
            <parameter name="show_rating" xsi:type="select" required="false" visible="true" source_model="Magento\Config\Model\Config\Source\Yesno">
                <label translate="true">Show rating stars</label>
            </parameter>
        </parameters>
    </widget>
</widgets>
