<?xml version="1.0"?>

<config xmlns:xsi="http://www.w3.org/2001/XMLSchema-instance"
        xsi:noNamespaceSchemaLocation="urn:magento:framework:ObjectManager/etc/config.xsd">

    <type name="Magento\Framework\View\Result\Page">
        <plugin name="result-optimisers" type="Swissup\Pagespeed\Plugin\Controller\Result\AfterRenderResultPlugin" sortOrder="-1"/>
    </type>

    <!-- Magento Cloud Fix. @see https://github.com/magento/magento2/issues/12100#issuecomment-513056966 -->
    <type name="Swissup\Pagespeed\Model\Optimiser\CriticalCssFactory" />
    <type name="Swissup\Pagespeed\Model\Optimiser\PreconnectFactory" />
    <type name="Swissup\Pagespeed\Model\Optimiser\DnsprefetchFactory" />
    <type name="Swissup\Pagespeed\Model\Optimiser\Image\ResponsiveFactory" />
    <type name="Swissup\Pagespeed\Model\Optimiser\Image\WebPFactory" />
    <type name="Swissup\Pagespeed\Model\Optimiser\Image\SpecifyDimensionFactory" />
    <type name="Swissup\Pagespeed\Model\Optimiser\Image\LazyLoadFactory" />
    <type name="Swissup\Pagespeed\Model\Optimiser\DeferCssFactory" />
    <type name="Swissup\Pagespeed\Model\Optimiser\DeferJsFactory" />
    <type name="Swissup\Pagespeed\Model\Optimiser\HtmlFactory" />
    <type name="Swissup\Pagespeed\Model\Optimiser\ExpireFactory" />

    <type name="Swissup\Pagespeed\Plugin\Controller\Result\AfterRenderResultPlugin">
        <arguments>
            <argument name="minifiers" xsi:type="array">
                <item name="criticalcss" xsi:type="object">Swissup\Pagespeed\Model\Optimiser\CriticalCssFactory</item>
                <item name="preconnect" xsi:type="object">Swissup\Pagespeed\Model\Optimiser\PreconnectFactory</item>
                <item name="dnsprefetch" xsi:type="object">Swissup\Pagespeed\Model\Optimiser\DnsprefetchFactory</item>
                <item name="image_responsive" xsi:type="object">Swissup\Pagespeed\Model\Optimiser\Image\ResponsiveFactory</item>
                <item name="image_webp" xsi:type="object">Swissup\Pagespeed\Model\Optimiser\Image\WebPFactory</item>
                <item name="image_specifydimension" xsi:type="object">Swissup\Pagespeed\Model\Optimiser\Image\SpecifyDimensionFactory</item>
                <item name="image_lazyload" xsi:type="object">Swissup\Pagespeed\Model\Optimiser\Image\LazyLoadFactory</item>
                <item name="defercss" xsi:type="object">Swissup\Pagespeed\Model\Optimiser\DeferCssFactory</item>
                <item name="deferjs" xsi:type="object">Swissup\Pagespeed\Model\Optimiser\DeferJsFactory</item>
                <item name="html" xsi:type="object">Swissup\Pagespeed\Model\Optimiser\HtmlFactory</item>
                <item name="expire" xsi:type="object">Swissup\Pagespeed\Model\Optimiser\ExpireFactory</item>
            </argument>
        </arguments>
    </type>

    <!--
    <type name="Magento\Framework\App\CacheInterface">
        <plugin name="swissup_html_minify_before_block_html_cache_save" type="Swissup\Pagespeed\Plugin\Framework\App\CachePlugin" />
    </type>
    -->

    <type name="Magento\Theme\Block\Html\Header\CriticalCss">
        <plugin name="swissup_pagespeed_critical_css" type="Swissup\Pagespeed\Plugin\Block\Html\Header\CriticalCssPlugin" />
    </type>

    <!--
    <virtualType name="cssMinificationAdapter" type="Magento\Framework\Code\Minifier\Adapter\Css\CSSmin" />
    <virtualType name="jsMinificationAdapter" type="Magento\Framework\Code\Minifier\Adapter\Js\JShrink" />
    <virtualType name="cssMinificationProcessor" type="Magento\Framework\View\Asset\PreProcessor\Minify">
        <arguments>
            <argument name="adapter" xsi:type="object">cssMinificationAdapter</argument>
        </arguments>
    </virtualType>
    <virtualType name="jsMinificationProcessor" type="Magento\Framework\View\Asset\PreProcessor\Minify">
        <arguments>
            <argument name="adapter" xsi:type="object">jsMinificationAdapter</argument>
        </arguments>
    </virtualType>
    -->

    <!-- AMP Checking -->
    <type name="Swissup\Pagespeed\Helper\Config">
        <plugin name="swissup_pagespeed_amp" type="Swissup\Pagespeed\Plugin\Helper\Config" />
    </type>

    <!-- Prolabels html inside data-attribute fix -->
    <type name="Swissup\ProLabels\Helper\AbstractLabel">
        <plugin name="swissup_pagespeed_prolabels_datalabels_fix" type="Swissup\Pagespeed\Plugin\ProLabels\Helper\AbstractLabelPlugin" />
    </type>

</config>
