<?xml version="1.0"?>
<config xmlns:xsi="http://www.w3.org/2001/XMLSchema-instance" xsi:noNamespaceSchemaLocation="urn:magento:framework:Acl/etc/acl.xsd">
    <acl>
        <resources>
            <resource id="Magento_Backend::admin">
                <resource id="Swissup_Core::swissup">
                    <resource id="Swissup_EasySlide::easyslide" title="EasySlide" sortOrder="50" >
                        <resource id="Swissup_EasySlide::easyslide_slider" title="Sliders" sortOrder="0">
                            <resource id="Swissup_EasySlide::save" title="Save" sortOrder="10" />
                            <resource id="Swissup_EasySlide::delete" title="Delete" sortOrder="20" />
                        </resource>
                    </resource>
                </resource>
            </resource>
        </resources>
    </acl>
</config>
