<?xml version="1.0"?>
<config xmlns:xsi="http://www.w3.org/2001/XMLSchema-instance"
        xsi:noNamespaceSchemaLocation="urn:magento:framework:ObjectManager/etc/config.xsd">
    <preference for="Swissup\EasySlide\Api\Data\SliderInterface" type="Swissup\EasySlide\Model\Slider" />

    <type name="Magento\Framework\View\Element\UiComponent\DataProvider\CollectionFactory">
        <arguments>
            <argument name="collections" xsi:type="array">
                <item name="easyslide_slider_listing_data_source" xsi:type="string">Swissup\EasySlide\Model\ResourceModel\Slider\Grid\Collection</item>
            </argument>
        </arguments>
    </type>
    <type name="Swissup\EasySlide\Model\ResourceModel\Slider\Grid\Collection">
        <arguments>
            <argument name="mainTable" xsi:type="string">swissup_easyslide_slider</argument>
            <argument name="eventPrefix" xsi:type="string">easyslide_slider_grid_collection</argument>
            <argument name="eventObject" xsi:type="string">easyslide_grid_collection</argument>
            <argument name="resourceModel" xsi:type="string">Swissup\EasySlide\Model\ResourceModel\Slider</argument>
        </arguments>
    </type>
    <virtualType name="EasySlideGridFilterPool" type="Magento\Framework\View\Element\UiComponent\DataProvider\FilterPool">
        <arguments>
            <argument name="appliers" xsi:type="array">
                <item name="regular" xsi:type="object">Magento\Framework\View\Element\UiComponent\DataProvider\RegularFilter</item>
                <item name="fulltext" xsi:type="object">Magento\Framework\View\Element\UiComponent\DataProvider\FulltextFilter</item>
            </argument>
        </arguments>
    </virtualType>
    <virtualType name="EasySlideGridDataProvider" type="Magento\Framework\View\Element\UiComponent\DataProvider\DataProvider">
        <arguments>
            <argument name="collection" xsi:type="object" shared="false">Swissup\EasySlide\Model\ResourceModel\Slider\Collection</argument>
            <argument name="filterPool" xsi:type="object" shared="false">EasySlideGridFilterPool</argument>
        </arguments>
    </virtualType>
</config>
