<?xml version="1.0"?>
<config xmlns:xsi="http://www.w3.org/2001/XMLSchema-instance" xsi:noNamespaceSchemaLocation="urn:magento:module:Magento_Config:etc/system_file.xsd">
    <system>
        <section id="swissup_argento_force" translate="label" type="text" sortOrder="32" showInDefault="1" showInWebsite="1" showInStore="1">
            <label>Argento Force</label>
            <tab>theme_editor</tab>
            <resource>Swissup_ThemeEditorArgentoForce::config</resource>

            <include path="Swissup_ThemeEditorArgentoForce::system/layout.xml"/>
            <include path="Swissup_ThemeEditorArgentoForce::system/header.xml"/>
            <include path="Swissup_ThemeEditorArgentoForce::system/footer.xml"/>
            <include path="Swissup_ThemeEditorArgentoForce::system/buttons.xml"/>
            <include path="Swissup_ThemeEditorArgentoForce::system/fonts.xml"/>
            <include path="Swissup_ThemeEditorArgentoForce::system/category.xml"/>
            <include path="Swissup_ThemeEditorArgentoForce::system/product.xml"/>
            <include path="Swissup_ThemeEditor::system/head.xml"/>
        </section>
    </system>
</config>
