<?xml version="1.0"?>
<config>
    <command class="Swissup\Easybanner\Installer\Command\Banner" module="Swissup_Easybanner">
        <data>
            <item>
                <item name="name">argento_mall_home_top</item>
                <item name="limit">1</item>
                <item name="banners">
                    <item>
                        <item name="identifier">free-shipping</item>
                        <item name="title">Free Shipping</item>
                        <item name="url">free-shipping</item>
                        <item name="image">/argento/mall/argento_mall_callout_home_top1.gif</item>
                        <item name="width">225</item>
                        <item name="height">130</item>
                    </item>
                </item>
            </item>
        </data>
    </command>
</config>
