<?xml version="1.0"?>
<config>
    <command class="Swissup\EasySlide\Installer\Command\Slider" module="Swissup_EasySlide">
        <data>
            <item>
                <item name="title">Argento Mall</item>
                <item name="identifier">argento_mall</item>
                <item name="slides">
                    <item>
                        <item name="title">Slide 1</item>
                        <item name="image">argento/mall/argento_mall_slide_1.jpg</item>
                        <item name="description">Sony VAIO Laptop</item>
                        <item name="desc_position">left</item>
                        <item name="desc_background">dark</item>
                        <item name="sort_order">10</item>
                    </item>
                    <item>
                        <item name="title">Slide 2</item>
                        <item name="image">argento/mall/argento_mall_slide_2.jpg</item>
                        <item name="description">Dell Studio 17</item>
                        <item name="desc_position">left</item>
                        <item name="desc_background">dark</item>
                        <item name="sort_order">20</item>
                    </item>
                    <item>
                        <item name="title">Slide 3</item>
                        <item name="image">argento/mall/argento_mall_slide_3.jpg</item>
                        <item name="description">HP HDX 16t</item>
                        <item name="desc_position">left</item>
                        <item name="desc_background">dark</item>
                        <item name="sort_order">30</item>
                    </item>
                    <item>
                        <item name="title">Slide 4</item>
                        <item name="image">argento/mall/argento_mall_slide_4.jpg</item>
                        <item name="description">Nikon 5000</item>
                        <item name="desc_position">left</item>
                        <item name="desc_background">dark</item>
                        <item name="sort_order">40</item>
                    </item>
                    <item>
                        <item name="title">Slide 5</item>
                        <item name="image">argento/mall/argento_mall_slide_5.jpg</item>
                        <item name="description">Apple Macbook</item>
                        <item name="desc_position">left</item>
                        <item name="desc_background">dark</item>
                        <item name="sort_order">50</item>
                    </item>
                </item>
            </item>
        </data>
    </command>
</config>
