<?xml version="1.0"?>
<config xmlns:xsi="http://www.w3.org/2001/XMLSchema-instance"
        xsi:noNamespaceSchemaLocation="urn:magento:framework:ObjectManager/etc/config.xsd">
    <preference for="Swissup\Easybanner\Api\Data\BannerInterface" type="Swissup\Easybanner\Model\Banner" />
    <preference for="Swissup\Easybanner\Api\Data\PlaceholderInterface" type="Swissup\Easybanner\Model\Placeholder" />

    <virtualType name="Swissup\Easybanner\BannerImageUpload" type="Magento\Catalog\Model\ImageUploader">
        <arguments>
            <argument name="baseTmpPath" xsi:type="string">easybanner/tmp</argument>
            <argument name="basePath" xsi:type="string">easybanner</argument>
            <argument name="allowedExtensions" xsi:type="array">
                <item name="jpg" xsi:type="string">jpg</item>
                <item name="jpeg" xsi:type="string">jpeg</item>
                <item name="gif" xsi:type="string">gif</item>
                <item name="png" xsi:type="string">png</item>
            </argument>
        </arguments>
    </virtualType>
    <type name="Swissup\Easybanner\Controller\Adminhtml\Banner\Image\Upload">
        <arguments>
            <argument name="imageUploader" xsi:type="object">Swissup\Easybanner\BannerImageUpload</argument>
        </arguments>
    </type>
    <type name="Swissup\Easybanner\Controller\Adminhtml\Banner\Save">
        <arguments>
            <argument name="imageUploader" xsi:type="object">Swissup\Easybanner\BannerImageUpload</argument>
        </arguments>
    </type>
</config>
