<?xml version="1.0"?>
<config>
    <command class="Swissup\Marketplace\Installer\Command\CmsBlock">
        <data>
            <item>
                <item name="title">Footer Cms Content</item>
                <item name="identifier">footer_cms_content</item>
                <item name="content" helper="Swissup\Marketplace\Installer\Helper\Renderer::render">
                    <param name="path" type="path">content/cms_block/footer_cms_content.html</param>
                </item>
            </item>
            <item>
                <item name="title">Footer Payments</item>
                <item name="identifier">footer_payments</item>
                <item name="content" helper="Swissup\Marketplace\Installer\Helper\Renderer::render">
                    <param name="path" type="path">content/cms_block/footer_payments.html</param>
                </item>
            </item>
            <item>
                <item name="title">Footer Contacts</item>
                <item name="identifier">footer_contacts</item>
                <item name="content" helper="Swissup\Marketplace\Installer\Helper\Renderer::render">
                    <param name="path" type="path">content/cms_block/footer_contacts.html</param>
                </item>
            </item>
            <item>
                <item name="title">Contact Aside Cms Content</item>
                <item name="identifier">contact_aside_cms_content</item>
                <item name="content" helper="Swissup\Marketplace\Installer\Helper\Renderer::render">
                    <param name="path" type="path">content/cms_block/contact_aside_cms_content.html</param>
                </item>
            </item>
            <item>
                <item name="title">Contact Footer Map</item>
                <item name="identifier">contact_footer_map</item>
                <item name="content" helper="Swissup\Marketplace\Installer\Helper\Renderer::render">
                    <param name="path" type="path">content/cms_block/contact_footer_map.html</param>
                </item>
            </item>
        </data>
    </command>
</config>
