<?xml version="1.0"?>
<config>
    <command class="Swissup\Easybanner\Installer\Command\Banner" module="Swissup_Easybanner">
        <data>
            <item>
                <item name="name">argento_stripes_content_top</item>
                <item name="limit">1</item>
                <item name="additional_css_class">hidden-xs</item>
                <item name="container">top.container</item>
                <item name="position">before="-"</item>
                <item name="banners">
                    <item>
                        <item name="identifier">argento-stripes-benefits</item>
                        <item name="title">Benefits</item>
                        <item name="url">benefits</item>
                        <item name="mode">html</item>
                        <item name="html" helper="Swissup\Marketplace\Installer\Helper\Renderer::render">
                            <param name="path" type="path">content/easybanner/benefits.html</param>
                        </item>
                    </item>
                    <item>
                        <item name="identifier">argento-stripes-newsletter</item>
                        <item name="title">Newletter Popup</item>
                        <item name="url">newsletter</item>
                        <item name="type" type="const">Swissup\Easybanner\Model\Banner::TYPE_LIGHTBOX</item>
                        <item name="mode">html</item>
                        <item name="class_name">no-border permanent-close-hide</item>
                        <item name="conditions_serialized" helper="Swissup\Marketplace\Installer\Helper\Serializer::serialize">
                            <item>
                                <item name="type">Swissup\Easybanner\Model\Rule\Condition\Combine</item>
                                <item name="attribute" type="null"/>
                                <item name="operator" type="null"/>
                                <item name="is_value_processed" type="null"/>
                                <item name="value">1</item>
                                <item name="aggregator">all</item>
                                <item name="conditions">
                                    <item>
                                        <item name="type">Swissup\Easybanner\Model\Rule\Condition\Banner</item>
                                        <item name="attribute">exit_intent</item>
                                        <item name="operator"><![CDATA[>]]></item>
                                        <item name="value">0</item>
                                        <item name="is_value_processed" type="boolean">false</item>
                                    </item>
                                    <item>
                                        <item name="type">Swissup\Easybanner\Model\Rule\Condition\Banner</item>
                                        <item name="attribute">display_count_per_customer_per_day</item>
                                        <item name="operator"><![CDATA[<]]></item>
                                        <item name="value">1</item>
                                        <item name="is_value_processed" type="boolean">false</item>
                                    </item>
                                </item>
                            </item>
                        </item>
                        <item name="html" helper="Swissup\Marketplace\Installer\Helper\Renderer::render">
                            <param name="path" type="path">content/easybanner/newsletter.html</param>
                        </item>
                    </item>
                </item>
            </item>
            <item>
                <item name="name">argento_stripes_home_top</item>
                <item name="limit">2</item>
                <item name="banners">
                    <item>
                        <item name="identifier">new-products</item>
                        <item name="title">New Products</item>
                        <item name="url">highlight/new.html</item>
                        <item name="image">/argento/stripes/home-top-banner-1.png</item>
                    </item>
                    <item>
                        <item name="identifier">special-offers</item>
                        <item name="title">Special Offers</item>
                        <item name="url">highlight/onsale.html</item>
                        <item name="image">/argento/stripes/home-top-banner-2.png</item>
                    </item>
                </item>
            </item>
            <item>
                <item name="name">argento_stripes_home_bottom</item>
                <item name="limit">3</item>
                <item name="banners">
                    <item>
                        <item name="identifier">new-collection</item>
                        <item name="title">New Collection</item>
                        <item name="url">fitbit-activity-2.html</item>
                        <item name="image">/argento/stripes/home-bottom-banner-1.png</item>
                    </item>
                    <item>
                        <item name="identifier">spring-clearance</item>
                        <item name="title">Spring Clearance</item>
                        <item name="url">nest-thermostat.html</item>
                        <item name="image">/argento/stripes/home-bottom-banner-2.png</item>
                    </item>
                    <item>
                        <item name="identifier">connected-home</item>
                        <item name="title">Connected Home</item>
                        <item name="url">home-and-fitness.html</item>
                        <item name="image">/argento/stripes/home-bottom-banner-3.png</item>
                    </item>
                </item>
            </item>
        </data>
    </command>
</config>
