<?xml version="1.0"?>
<config>
    <command class="Swissup\EasySlide\Installer\Command\Slider" module="Swissup_EasySlide">
        <data>
            <item>
                <item name="title">Argento Stripes</item>
                <item name="identifier">argento_stripes</item>
                <item name="pagination">1</item>
                <item name="navigation">1</item>
                <item name="autoplay">5000</item>
                <item name="theme">black</item>
                <item name="sizes">
                    <item name="sizes">
                        <item>
                            <item name="media_query">(max-width: 480px)</item>
                            <item name="image_width">480</item>
                        </item>
                        <item>
                            <item name="media_query">(max-width: 768px)</item>
                            <item name="image_width">768</item>
                        </item>
                    </item>
                </item>
                <item name="slides">
                    <item>
                        <item name="title">New Gear at Unbelievable Prices!</item>
                        <item name="image">argento/stripes/argento_stripes_slider1.png</item>
                        <item name="link">home-and-fitness.html</item>
                        <item name="desc_position">top</item>
                        <item name="desc_background">transparent</item>
                        <item name="sort_order">10</item>
                    </item>
                    <item>
                        <item name="title">New Gear at Unbelievable Prices!</item>
                        <item name="image">argento/stripes/argento_stripes_slider2.png</item>
                        <item name="link">home-and-fitness.html</item>
                        <item name="desc_position">top</item>
                        <item name="desc_background">transparent</item>
                        <item name="sort_order">20</item>
                    </item>
                    <item>
                        <item name="title">New Gear at Unbelievable Prices!</item>
                        <item name="image">argento/stripes/argento_stripes_slider3.png</item>
                        <item name="link">home-and-fitness.html</item>
                        <item name="desc_position">top</item>
                        <item name="desc_background">transparent</item>
                        <item name="sort_order">30</item>
                    </item>
                    <item>
                        <item name="title">New Gear at Unbelievable Prices!</item>
                        <item name="image">argento/stripes/argento_stripes_slider4.png</item>
                        <item name="link">home-and-fitness.html</item>
                        <item name="desc_position">top</item>
                        <item name="desc_background">transparent</item>
                        <item name="sort_order">40</item>
                    </item>
                </item>
            </item>
        </data>
    </command>
</config>
