<?xml version="1.0"?>
<config>
    <command class="Swissup\Easytabs\Installer\Command\UnsetTabs" module="Swissup_Easytabs">
        <data>
            <item>
                <item name="block">Magento\Catalog\Block\Product\View\Attributes</item>
            </item>
        </data>
    </command>
    <command class="Swissup\Easytabs\Installer\Command\Tabs" module="Swissup_Easytabs">
        <data>
            <item>
                <item name="title">Questions ({{eval code="getCount()"}})</item>
                <item name="alias">questions</item>
                <item name="block">Swissup\Easytabs\Block\Tab\Template</item>
                <item name="sort_order">18</item>
                <item name="status">1</item>
                <item name="widget_block">Swissup\Askit\Block\Question\Widget</item>
                <item name="widget_template">template.phtml</item>
                <item name="widget_unset">askit_listing,askit_form</item>
            </item>
        </data>
    </command>
</config>
