<?xml version="1.0"?>
<include xmlns:xsi="http://www.w3.org/2001/XMLSchema-instance" xsi:noNamespaceSchemaLocation="urn:magento:module:Magento_Config:etc/system_include.xsd">
    <group id="layout" translate="label" type="text" sortOrder="5" showInDefault="1" showInWebsite="1" showInStore="1">
        <label>Layout</label>
        <comment>
            <![CDATA[
            <ol style="padding-left: 40px;">
                <li>
                    <strong>Body's background.</strong>
                    <p>Body's background is covered by page wrapper and
                    it's not visible.<br/> Set the 'Page wrapper' max-width
                    (1280px for example) to reveal body background.<br/>
                    Looking for a nice background? Try
                    <a href="http://subtlepatterns.com/" title="Subtle Patterns">http://subtlepatterns.com/</a>
                    </p>
                </li>
                <li>
                    <strong>Boxed Layout</strong>
                    <p>Set the 'Page wrapper' max-width (1280px for example) to
                    enable boxed layout</p>
                </li>
                <li>
                    <strong>Full Width Layout</strong>
                    <p>Set the 'Page wrapper' and 'Content wrapper' max-width's
                    to 100%</p>
                </li>
                <li>
                    <strong>Default Layout</strong>
                    <p>Set the 'Page wrapper' max-width to 100%<br/>
                    Set the 'Content wrapper' max-width to 980px</p>
                </li>
                <li>
                    See theme editor <a href="http://docs.swissuplabs.com/m2/argento/force/theme-editor/" title="Theme Editor Tutorial">tutorial</a> for more information.
                </li>
            </ol>
            ]]>
        </comment>
        <field id="body_backgroundHeading" translate="label" type="text" sortOrder="10" showInDefault="1" showInWebsite="1" showInStore="1">
            <label>Body background</label>
            <frontend_model>Swissup\ThemeEditor\Block\Adminhtml\System\Config\Form\Field\CssSelectorHeading</frontend_model>
        </field>
        <field id="body_backgroundColor" translate="label" type="text" sortOrder="20" showInDefault="1" showInWebsite="1" showInStore="1" canRestore="1">
            <label>Color</label>
            <frontend_model>Swissup\ThemeEditor\Block\Adminhtml\System\Config\Form\Field\Color</frontend_model>
        </field>
        <field id="body_backgroundImage" translate="label" type="image" sortOrder="30" showInDefault="1" showInWebsite="1" showInStore="1" canRestore="1">
            <label>Image</label>
            <frontend_model>Swissup\ThemeEditor\Block\Adminhtml\System\Config\Form\Field\Image</frontend_model>
            <backend_model>Swissup\ThemeEditor\Model\Config\Backend\Image</backend_model>
        </field>
        <field id="body_backgroundRepeat" translate="label" type="select" sortOrder="40" showInDefault="1" showInWebsite="1" showInStore="1" canRestore="1">
            <label>Repeat</label>
            <source_model>Swissup\ThemeEditor\Model\Config\Source\BackgroundRepeat</source_model>
        </field>
        <field id="body_backgroundPosition" translate="label" type="text" sortOrder="50" showInDefault="1" showInWebsite="1" showInStore="1" canRestore="1">
            <label>Position</label>
            <comment>Values should include dimension units: 50% or -20px or 5em, etc</comment>
            <frontend_model>Swissup\ThemeEditor\Block\Adminhtml\System\Config\Form\Field\BackgroundPosition</frontend_model>
        </field>

        <field id="page_heading" translate="label" type="text" sortOrder="100" showInDefault="1" showInWebsite="1" showInStore="1">
            <label>Page wrapper</label>
            <frontend_model>Swissup\ThemeEditor\Block\Adminhtml\System\Config\Form\Field\CssSelectorHeading</frontend_model>
        </field>
        <field id="page_maxWidth" translate="label" type="text" sortOrder="110" showInDefault="1" showInWebsite="1" showInStore="1" canRestore="1">
            <label>Max-width</label>
        </field>

        <field id="contentContainer_heading" translate="label" type="text" sortOrder="200" showInDefault="1" showInWebsite="1" showInStore="1">
            <label>Content wrapper</label>
            <frontend_model>Swissup\ThemeEditor\Block\Adminhtml\System\Config\Form\Field\CssSelectorHeading</frontend_model>
        </field>
        <field id="contentContainer_maxWidth" translate="label" type="text" sortOrder="210" showInDefault="1" showInWebsite="1" showInStore="1" canRestore="1">
            <label>Max-width</label>
        </field>
    </group>
</include>
