<?xml version="1.0"?>
<config xmlns:xsi="http://www.w3.org/2001/XMLSchema-instance" xsi:noNamespaceSchemaLocation="urn:magento:framework:Event/etc/events.xsd">
    <event name="controller_action_predispatch_checkout_cart_add">
        <observer name="swissup_suggestpage_predispatch_checkout_cart_add" instance="Swissup\Suggestpage\Observer\PredispatchCheckoutCartAddObserver" />
    </event>

    <event name="sales_quote_product_add_after">
        <observer name="swissup_suggestpage_sales_quote_product_add_after" instance="Swissup\Suggestpage\Observer\SalesQuoteProductAddAfterObserver" />
    </event>

    <event name="checkout_cart_save_after">
        <observer name="swissup_suggestpage_checkout_cart_save_after" instance="Swissup\Suggestpage\Observer\CheckoutCartSaveAfterObserver" />
    </event>
</config>