<?xml version="1.0"?>
<config xmlns:xsi="http://www.w3.org/2001/XMLSchema-instance"
        xsi:noNamespaceSchemaLocation="urn:magento:framework:ObjectManager/etc/config.xsd">
    <type name="Magento\Framework\View\Result\Page">
        <plugin name="swissup_seopager" type="Swissup\SeoPager\Plugin\View\Result\Page" sortOrder="10"/>
    </type>
    <type name="Swissup\SeoPager\Model\ToolbarResolver">
        <arguments>
            <argument name="layoutBlockName" xsi:type="array">
                <item name="catalog" xsi:type="string">category.products.list</item>
                <item name="search" xsi:type="string">search_result_list</item>
            </argument>
        </arguments>
    </type>
</config>
