<?xml version="1.0"?>
<config xmlns:xsi="http://www.w3.org/2001/XMLSchema-instance"
        xsi:noNamespaceSchemaLocation="urn:magento:framework:Acl/etc/acl.xsd">
    <acl>
        <resources>
            <resource id="Magento_Backend::admin">
                <resource id="Magento_Backend::content">
                    <resource id="Swissup_SoldTogether::soldtogether" title="SoldTogether" sortOrder="50" >
                        <resource id="Swissup_SoldTogether::soldtogether_order" title="Frequently Bought Together" sortOrder="0">
                            <resource id="Swissup_SoldTogether::order_save" title="Save" sortOrder="10" />
                            <resource id="Swissup_SoldTogether::order_delete" title="Delete" sortOrder="20" />
                        </resource>
                        <resource id="Swissup_SoldTogether::soldtogether_customer" title="Customers Who Bought This Item Also Bought" sortOrder="0">
                            <resource id="Swissup_SoldTogether::customer_save" title="Save" sortOrder="10" />
                            <resource id="Swissup_SoldTogether::customer_delete" title="Delete" sortOrder="20" />
                        </resource>
                    </resource>
                </resource>
                <resource id="Magento_Backend::stores">
                    <resource id="Magento_Backend::stores_settings">
                        <resource id="Magento_Config::config">
                            <resource id="Swissup_Core::swissup_config">
                                <resource id="Swissup_SoldTogether::config_soldtogether" title="SoldTogether" sortOrder="1957"/>
                            </resource>
                        </resource>
                    </resource>
                </resource>
            </resource>
        </resources>
    </acl>
</config>
