<?xml version="1.0"?>
<config xmlns:xsi="http://www.w3.org/2001/XMLSchema-instance" xsi:noNamespaceSchemaLocation="urn:magento:framework:ObjectManager/etc/config.xsd">
    <preference for="Swissup\SoldTogether\Api\Data\OrderInterface"
                type="Swissup\SoldTogether\Model\Order" />
    <preference for="Swissup\SoldTogether\Api\Data\OrderSearchResultsInterface"
                type="Magento\Framework\Api\SearchResults" />
    <preference for="Swissup\SoldTogether\Api\OrderRepositoryInterface"
                type="Swissup\SoldTogether\Model\OrderRepository" />
    <preference for="Swissup\SoldTogether\Api\Data\CustomerInterface"
                type="Swissup\SoldTogether\Model\Customer" />
    <preference for="Swissup\SoldTogether\Api\Data\CustomerSearchResultsInterface"
                type="Magento\Framework\Api\SearchResults" />
    <preference for="Swissup\SoldTogether\Api\CustomerRepositoryInterface"
                type="Swissup\SoldTogether\Model\CustomerRepository" />
    <type name="Swissup\SoldTogether\Block\Order">
        <arguments>
            <argument name="resource" xsi:type="object">Swissup\SoldTogether\Model\ResourceModel\Order</argument>
        </arguments>
    </type>
    <type name="Swissup\SoldTogether\Block\Customer">
        <arguments>
            <argument name="resource" xsi:type="object">Swissup\SoldTogether\Model\ResourceModel\Customer</argument>
        </arguments>
    </type>
    <type name="Magento\Framework\Console\CommandList">
        <arguments>
            <argument name="commands" xsi:type="array">
                <item name="soldtogether_customer_reindex" xsi:type="object">Swissup\SoldTogether\Console\Command\CustomerReindexCommand</item>
                <item name="soldtogether_order_reindex" xsi:type="object">Swissup\SoldTogether\Console\Command\OrderReindexCommand</item>
            </argument>
        </arguments>
    </type>
</config>
