<?xml version="1.0"?>
<config xmlns:xsi="http://www.w3.org/2001/XMLSchema-instance"
        xsi:noNamespaceSchemaLocation="urn:magento:framework:Acl/etc/acl.xsd">
    <acl>
        <resources>
            <resource id="Magento_Backend::admin">
                <resource id="Magento_Backend::content">
                    <resource id="Swissup_ProLabels::prolabels" title="ProLabels" sortOrder="50" >
                        <resource id="Swissup_ProLabels::prolabels_labels" title="Product Labels" sortOrder="0">
                            <resource id="Swissup_ProLabels::save" title="Save" sortOrder="10" />
                            <resource id="Swissup_ProLabels::delete" title="Delete" sortOrder="20" />
                        </resource>
                    </resource>
                </resource>
                <resource id="Magento_Backend::stores">
                    <resource id="Magento_Backend::stores_settings">
                        <resource id="Magento_Config::config">
                            <resource id="Swissup_Core::swissup_config">
                                <resource id="Swissup_ProLabels::config_prolabels" title="ProLabels" sortOrder="1668"/>
                            </resource>
                        </resource>
                    </resource>
                </resource>
            </resource>
        </resources>
    </acl>
</config>
