<?xml version="1.0"?>
<config>
    <command class="Swissup\Easybanner\Installer\Command\Banner">
        <data>
            <item>
                <item name="name">argento_essence_home_top</item>
                <item name="limit">3</item>
                <item name="banners">
                    <item>
                        <item name="identifier">ups-delivery</item>
                        <item name="title">UPS Home Delivery</item>
                        <item name="url">ups-delivery</item>
                        <item name="image">/argento/essence/argento_essence_ups_delivery.png</item>
                        <item name="width">311</item>
                        <item name="height">110</item>
                    </item>
                    <item>
                        <item name="identifier">galaxy-s3</item>
                        <item name="title">Samsung Galaxy S3</item>
                        <item name="url">galaxy-s3</item>
                        <item name="image">/argento/essence/argento_essence_galaxy_s3.png</item>
                        <item name="width">311</item>
                        <item name="height">110</item>
                    </item>
                    <item>
                        <item name="identifier">roku2-xs</item>
                        <item name="title">Roku 2 XS Streaming Player</item>
                        <item name="url">roku2-xs</item>
                        <item name="image">/argento/essence/argento_essence_roku2_xs.png</item>
                        <item name="width">311</item>
                        <item name="height">110</item>
                    </item>
                </item>
            </item>
            <item>
                <item name="name">argento_essence_home_wide</item>
                <item name="limit">1</item>
                <item name="banners">
                    <item>
                        <item name="identifier">hp-envy-17</item>
                        <item name="title">HP Envy 17</item>
                        <item name="url">hp-envy-17</item>
                        <item name="image">/argento/essence/argento_essence_hp_envy_17.png</item>
                        <item name="width">960</item>
                        <item name="height">120</item>
                    </item>
                </item>
            </item>
        </data>
    </command>
</config>
