<?xml version="1.0"?>
<config>
    <command class="Swissup\EasySlide\Installer\Command\Slider" module="Swissup_EasySlide">
        <data>
            <item>
                <item name="title">Argento Essence</item>
                <item name="identifier">argento_essence</item>
                <item name="slides">
                    <item>
                        <item name="title">Slide 1</item>
                        <item name="image">argento/essence/argento_essence_slide_1.png</item>
                        <item name="description">Sony VAIO T Series Laptop</item>
                        <item name="desc_position">bottom</item>
                        <item name="desc_background">transparent</item>
                        <item name="sort_order">10</item>
                    </item>
                    <item>
                        <item name="title">Slide 2</item>
                        <item name="image">argento/essence/argento_essence_slide_2.png</item>
                        <item name="description">Sony VAIO T Series Laptop</item>
                        <item name="desc_position">bottom</item>
                        <item name="desc_background">transparent</item>
                        <item name="sort_order">20</item>
                    </item>
                    <item>
                        <item name="title">Slide 3</item>
                        <item name="image">argento/essence/argento_essence_slide_3.png</item>
                        <item name="description">Sony VAIO T Series Laptop</item>
                        <item name="desc_position">bottom</item>
                        <item name="desc_background">transparent</item>
                        <item name="sort_order">30</item>
                    </item>
                    <item>
                        <item name="title">Slide 4</item>
                        <item name="image">argento/essence/argento_essence_slide_4.png</item>
                        <item name="description">Sony VAIO T Series Laptop</item>
                        <item name="desc_position">bottom</item>
                        <item name="desc_background">transparent</item>
                        <item name="sort_order">40</item>
                    </item>
                </item>
            </item>
        </data>
    </command>
</config>
