<?xml version="1.0"?>
<config xmlns:xsi="http://www.w3.org/2001/XMLSchema-instance"
        xsi:noNamespaceSchemaLocation="urn:magento:framework:ObjectManager/etc/config.xsd">
    <type name="Magento\Catalog\Model\ResourceModel\Eav\Attribute">
        <plugin name="swissupSeoUrlsAttributeLabel"
                type="Swissup\SeoUrls\Plugin\Catalog\Model\ResourceModel\Eav\Attribute"
                sortOrder="10"
                disabled="false"/>
    </type>
    <type name="Magento\Catalog\Model\ResourceModel\Category">
        <plugin name="swissupSeoUrlsCategoryLabel"
                type="Swissup\SeoUrls\Plugin\Catalog\Model\ResourceModel\Category"
                sortOrder="10"
                disabled="false"/>
    </type>
    <type name="Magento\Catalog\Model\Category\DataProvider">
        <plugin name="swissupSeoUrlsCategoryLabel"
                type="Swissup\SeoUrls\Plugin\Catalog\Model\Category\DataProvider"
                sortOrder="10"
                disabled="false"/>
    </type>
</config>
