<?xml version="1.0"?>
<include xmlns:xsi="http://www.w3.org/2001/XMLSchema-instance"
        xsi:noNamespaceSchemaLocation="urn:magento:module:Magento_Config:etc/system_include.xsd">
    <group id="homepage" translate="label" type="text" sortOrder="4" showInDefault="1" showInWebsite="1" showInStore="1">
        <label>Home Page</label>

        <field id="fullscreen_slider" translate="label" type="select" sortOrder="10" showInDefault="1" showInWebsite="1" showInStore="1" canRestore="1">
            <label>Enable Fullscreen Slider</label>
            <source_model>Magento\Config\Model\Config\Source\Yesno</source_model>
        </field>
    </group>
</include>
