<?xml version="1.0"?>
<config xmlns:xsi="http://www.w3.org/2001/XMLSchema-instance" xsi:noNamespaceSchemaLocation="urn:magento:framework:ObjectManager/etc/config.xsd">
    <virtualType name="Magento\Catalog\Ui\DataProvider\Product\Form\Modifier\Pool">
        <arguments>
            <argument name="modifiers" xsi:type="array">
                <item name="askit" xsi:type="array">
                    <item name="class" xsi:type="string">Swissup\Askit\Plugin\Model\Product\DataProvider</item>
                    <item name="sortOrder" xsi:type="number">20</item>
                </item>
            </argument>
        </arguments>
    </virtualType>

    <type name="Magento\Catalog\Model\Category\DataProvider">
        <plugin name="prepareQuestionsData" type="Swissup\Askit\Plugin\Model\Category\DataProvider" sortOrder="1"/>
    </type>

    <type name="Magento\Cms\Model\Page\DataProvider">
        <plugin name="prepareQuestionsData" type="Swissup\Askit\Plugin\Model\Page\DataProvider" sortOrder="1"/>
    </type>

    <virtualType name="Swissup\Askit\Block\Adminhtml\Answer\Grid" type="Swissup\Askit\Block\Adminhtml\Question\Edit\Tab\Answers\Grid" />
</config>
