<?xml version="1.0"?>
<config xmlns:xsi="http://www.w3.org/2001/XMLSchema-instance"
        xsi:noNamespaceSchemaLocation="urn:magento:framework:Event/etc/events.xsd">
    <event name="catalog_block_product_list_collection">
        <observer name="swissup_seoimages" instance="Swissup\SeoImages\Observer\SetFlagPreresolveFiles" />
    </event>
    <event name="catalog_product_collection_load_after">
        <observer name="swissup_seoimages" instance="Swissup\SeoImages\Observer\PreresolveFiles" />
    </event>
    <event name="swissup_event_block_product_list_collection">
        <observer name="swissup_seoimages" instance="Swissup\SeoImages\Observer\SetFlagPreresolveFiles" />
    </event>
</config>
