<?xml version="1.0"?>
<config xmlns:xsi="http://www.w3.org/2001/XMLSchema-instance" xsi:noNamespaceSchemaLocation="urn:magento:framework:ObjectManager/etc/config.xsd">
    <type name="Swissup\SeoTemplates\Model\Rule\Condition\Category">
        <arguments>
            <argument name="data" xsi:type="array">
                <!-- set operator 'is one of' as default -->
                <item name="operator" xsi:type="string">()</item>
            </argument>
        </arguments>
    </type>
</config>
