<?xml version="1.0"?>
<include xmlns:xsi="http://www.w3.org/2001/XMLSchema-instance"
    xsi:noNamespaceSchemaLocation="urn:magento:module:Magento_Config:etc/system_include.xsd">

    <group id="custom_consent_1" translate="label" type="text" sortOrder="200" showInDefault="1" showInWebsite="1" showInStore="1">
        <label>Custom Consent 1</label>
        <field id="enabled" translate="label" type="select" sortOrder="10" showInDefault="1" showInWebsite="1" showInStore="1">
            <label>Enabled</label>
            <source_model>Magento\Config\Model\Config\Source\Yesno</source_model>
        </field>
        <field id="sort_order" translate="label" type="text" sortOrder="20" showInDefault="1" showInWebsite="1" showInStore="1">
            <label>Sort Order</label>
        </field>
        <field id="title" translate="label" type="text" sortOrder="30" showInDefault="1" showInWebsite="1" showInStore="1">
            <label>Title</label>
        </field>
        <field id="forms" translate="label" type="multiselect" sortOrder="50" showInDefault="1" showInWebsite="1" showInStore="1">
            <label>Show in Forms</label>
            <source_model>Swissup\Gdpr\Model\Config\Source\Forms</source_model>
        </field>
    </group>
    <group id="custom_consent_2" translate="label" type="text" sortOrder="210" showInDefault="1" showInWebsite="1" showInStore="1">
        <label>Custom Consent 2</label>
        <field id="enabled" translate="label" type="select" sortOrder="10" showInDefault="1" showInWebsite="1" showInStore="1">
            <label>Enabled</label>
            <source_model>Magento\Config\Model\Config\Source\Yesno</source_model>
        </field>
        <field id="sort_order" translate="label" type="text" sortOrder="20" showInDefault="1" showInWebsite="1" showInStore="1">
            <label>Sort Order</label>
        </field>
        <field id="title" translate="label" type="text" sortOrder="30" showInDefault="1" showInWebsite="1" showInStore="1">
            <label>Title</label>
        </field>
        <field id="forms" translate="label" type="multiselect" sortOrder="50" showInDefault="1" showInWebsite="1" showInStore="1">
            <label>Show in Forms</label>
            <source_model>Swissup\Gdpr\Model\Config\Source\Forms</source_model>
        </field>
    </group>
    <group id="custom_consent_3" translate="label" type="text" sortOrder="220" showInDefault="1" showInWebsite="1" showInStore="1">
        <label>Custom Consent 3</label>
        <field id="enabled" translate="label" type="select" sortOrder="10" showInDefault="1" showInWebsite="1" showInStore="1">
            <label>Enabled</label>
            <source_model>Magento\Config\Model\Config\Source\Yesno</source_model>
        </field>
        <field id="sort_order" translate="label" type="text" sortOrder="20" showInDefault="1" showInWebsite="1" showInStore="1">
            <label>Sort Order</label>
        </field>
        <field id="title" translate="label" type="text" sortOrder="30" showInDefault="1" showInWebsite="1" showInStore="1">
            <label>Title</label>
        </field>
        <field id="forms" translate="label" type="multiselect" sortOrder="50" showInDefault="1" showInWebsite="1" showInStore="1">
            <label>Show in Forms</label>
            <source_model>Swissup\Gdpr\Model\Config\Source\Forms</source_model>
        </field>
    </group>
</include>
