<?xml version="1.0"?>
<include xmlns:xsi="http://www.w3.org/2001/XMLSchema-instance"
        xsi:noNamespaceSchemaLocation="urn:magento:module:Magento_Config:etc/system_include.xsd">
    <group id="buttons" translate="label" type="text" sortOrder="40" showInDefault="1" showInWebsite="1" showInStore="1">
        <label>Buttons</label>
        <field id="button_heading" translate="label" type="text" sortOrder="10" showInDefault="1" showInWebsite="1" showInStore="1">
            <label>Primary Buttons</label>
            <frontend_model>Swissup\ThemeEditor\Block\Adminhtml\System\Config\Form\Field\CssSelectorHeading</frontend_model>
        </field>
        <field id="button_background" translate="label" type="text" sortOrder="40" showInDefault="1" showInWebsite="1" showInStore="1" canRestore="1">
            <label>Background</label>
            <frontend_model>Swissup\ThemeEditor\Block\Adminhtml\System\Config\Form\Field\Color</frontend_model>
        </field>
        <field id="button_borderColor" translate="label" type="text" sortOrder="45" showInDefault="1" showInWebsite="1" showInStore="1" canRestore="1">
            <label>Border Color</label>
            <frontend_model>Swissup\ThemeEditor\Block\Adminhtml\System\Config\Form\Field\Color</frontend_model>
        </field>
        <field id="button_color" translate="label" type="text" sortOrder="50" showInDefault="1" showInWebsite="1" showInStore="1" canRestore="1">
            <label>Font Color</label>
            <frontend_model>Swissup\ThemeEditor\Block\Adminhtml\System\Config\Form\Field\Color</frontend_model>
        </field>
        <field id="buttonHover_background" translate="label" type="text" sortOrder="70" showInDefault="1" showInWebsite="1" showInStore="1" canRestore="1">
            <label>Hover State Background</label>
            <frontend_model>Swissup\ThemeEditor\Block\Adminhtml\System\Config\Form\Field\Color</frontend_model>
        </field>
        <field id="buttonHover_borderColor" translate="label" type="text" sortOrder="75" showInDefault="1" showInWebsite="1" showInStore="1" canRestore="1">
            <label>Hover State Border Color</label>
            <frontend_model>Swissup\ThemeEditor\Block\Adminhtml\System\Config\Form\Field\Color</frontend_model>
        </field>
        <field id="buttonHover_color" translate="label" type="text" sortOrder="80" showInDefault="1" showInWebsite="1" showInStore="1" canRestore="1">
            <label>Hover State Font Color</label>
            <frontend_model>Swissup\ThemeEditor\Block\Adminhtml\System\Config\Form\Field\Color</frontend_model>
        </field>

        <field id="buttonSecondary_heading" translate="label" type="text" sortOrder="90" showInDefault="1" showInWebsite="1" showInStore="1">
            <label>Other Buttons</label>
            <frontend_model>Swissup\ThemeEditor\Block\Adminhtml\System\Config\Form\Field\CssSelectorHeading</frontend_model>
        </field>
        <field id="buttonSecondary_background" translate="label" type="text" sortOrder="100" showInDefault="1" showInWebsite="1" showInStore="1" canRestore="1">
            <label>Background</label>
            <frontend_model>Swissup\ThemeEditor\Block\Adminhtml\System\Config\Form\Field\Color</frontend_model>
        </field>
        <field id="buttonSecondary_borderColor" translate="label" type="text" sortOrder="110" showInDefault="1" showInWebsite="1" showInStore="1" canRestore="1">
            <label>Border Color</label>
            <frontend_model>Swissup\ThemeEditor\Block\Adminhtml\System\Config\Form\Field\Color</frontend_model>
        </field>
        <field id="buttonSecondary_color" translate="label" type="text" sortOrder="120" showInDefault="1" showInWebsite="1" showInStore="1" canRestore="1">
            <label>Font Color</label>
            <frontend_model>Swissup\ThemeEditor\Block\Adminhtml\System\Config\Form\Field\Color</frontend_model>
        </field>
        <field id="buttonSecondaryHover_background" translate="label" type="text" sortOrder="130" showInDefault="1" showInWebsite="1" showInStore="1" canRestore="1">
            <label>Hover State Background</label>
            <frontend_model>Swissup\ThemeEditor\Block\Adminhtml\System\Config\Form\Field\Color</frontend_model>
        </field>
        <field id="buttonSecondaryHover_borderColor" translate="label" type="text" sortOrder="140" showInDefault="1" showInWebsite="1" showInStore="1" canRestore="1">
            <label>Hover State Border Color</label>
            <frontend_model>Swissup\ThemeEditor\Block\Adminhtml\System\Config\Form\Field\Color</frontend_model>
        </field>
        <field id="buttonSecondaryHover_color" translate="label" type="text" sortOrder="150" showInDefault="1" showInWebsite="1" showInStore="1" canRestore="1">
            <label>Hover State Font Color</label>
            <frontend_model>Swissup\ThemeEditor\Block\Adminhtml\System\Config\Form\Field\Color</frontend_model>
        </field>

        <field id="addToLinks_heading" translate="label" type="text" sortOrder="200" showInDefault="1" showInWebsite="1" showInStore="1">
            <label>"Add to Wish List" and "Add to Compate" buttons</label>
            <frontend_model>Swissup\ThemeEditor\Block\Adminhtml\System\Config\Form\Field\CssSelectorHeading</frontend_model>
        </field>
        <field id="addToLinks_backgroundColor" translate="label" type="text" sortOrder="210" showInDefault="1" showInWebsite="1" showInStore="1" canRestore="1">
            <label>Background Color</label>
            <frontend_model>Swissup\ThemeEditor\Block\Adminhtml\System\Config\Form\Field\Color</frontend_model>
        </field>
        <field id="addToLinks_color" translate="label" type="text" sortOrder="220" showInDefault="1" showInWebsite="1" showInStore="1" canRestore="1">
            <label>Font Color</label>
            <frontend_model>Swissup\ThemeEditor\Block\Adminhtml\System\Config\Form\Field\Color</frontend_model>
        </field>
        <field id="addToLinksHover_backgroundColor" translate="label" type="text" sortOrder="230" showInDefault="1" showInWebsite="1" showInStore="1" canRestore="1">
            <label>Hover State Background Color</label>
            <frontend_model>Swissup\ThemeEditor\Block\Adminhtml\System\Config\Form\Field\Color</frontend_model>
        </field>
        <field id="addToLinksHover_color" translate="label" type="text" sortOrder="240" showInDefault="1" showInWebsite="1" showInStore="1" canRestore="1">
            <label>Hover State Font Color</label>
            <frontend_model>Swissup\ThemeEditor\Block\Adminhtml\System\Config\Form\Field\Color</frontend_model>
        </field>
    </group>
</include>
