<?xml version="1.0"?>
<include xmlns:xsi="http://www.w3.org/2001/XMLSchema-instance"
        xsi:noNamespaceSchemaLocation="urn:magento:module:Magento_Config:etc/system_include.xsd">
    <group id="header" translate="label" showInDefault="1" showInWebsite="1" showInStore="1" sortOrder="10">
        <label>Header</label>

        <field id="sticky_menu" translate="label" type="select" sortOrder="4" showInDefault="1" showInWebsite="1" showInStore="1" canRestore="1">
            <label>Enable sticky menu</label>
            <source_model>Magento\Config\Model\Config\Source\Yesno</source_model>
        </field>

        <field id="pageHeader_backgroundHeading" translate="label" type="text" sortOrder="10" showInDefault="1" showInWebsite="1" showInStore="1">
            <label>Header background</label>
            <frontend_model>Swissup\ThemeEditor\Block\Adminhtml\System\Config\Form\Field\CssSelectorHeading</frontend_model>
        </field>
        <field id="pageHeader_backgroundColor" translate="label" type="text" sortOrder="20" showInDefault="1" showInWebsite="1" showInStore="1" canRestore="1">
            <label>Color</label>
            <frontend_model>Swissup\ThemeEditor\Block\Adminhtml\System\Config\Form\Field\Color</frontend_model>
        </field>
        <field id="pageHeader_backgroundImage" translate="label" type="image" sortOrder="30" showInDefault="1" showInWebsite="1" showInStore="1" canRestore="1">
            <label>Image</label>
            <frontend_model>Swissup\ThemeEditor\Block\Adminhtml\System\Config\Form\Field\Image</frontend_model>
            <backend_model>Swissup\ThemeEditor\Model\Config\Backend\Image</backend_model>
        </field>
        <field id="pageHeader_backgroundRepeat" translate="label" type="select" sortOrder="40" showInDefault="1" showInWebsite="1" showInStore="1" canRestore="1">
            <label>Repeat</label>
            <source_model>Swissup\ThemeEditor\Model\Config\Source\BackgroundRepeat</source_model>
        </field>
        <field id="pageHeader_backgroundPosition" translate="label" type="text" sortOrder="50" showInDefault="1" showInWebsite="1" showInStore="1" canRestore="1">
            <label>Position</label>
            <comment>Values should include dimension units: 50% or -20px or 5em, etc</comment>
            <frontend_model>Swissup\ThemeEditor\Block\Adminhtml\System\Config\Form\Field\BackgroundPosition</frontend_model>
        </field>

        <field id="pageHeaderPanel_heading" translate="label" type="text" sortOrder="60" showInDefault="1" showInWebsite="1" showInStore="1">
            <label>Header top panel</label>
            <frontend_model>Swissup\ThemeEditor\Block\Adminhtml\System\Config\Form\Field\CssSelectorHeading</frontend_model>
        </field>

        <field id="pageHeaderPanel_color" translate="label" type="text" sortOrder="68" showInDefault="1" showInWebsite="1" showInStore="1" canRestore="1">
            <label>Text color</label>
            <frontend_model>Swissup\ThemeEditor\Block\Adminhtml\System\Config\Form\Field\Color</frontend_model>
        </field>
        <field id="pageHeaderPanel_borderBottomWidth" translate="label" type="text" sortOrder="70" showInDefault="1" showInWebsite="1" showInStore="1" canRestore="1">
            <label>Border bottom width</label>
        </field>
        <field id="pageHeaderPanel_borderBottomStyle" translate="label" type="text" sortOrder="80" showInDefault="1" showInWebsite="1" showInStore="1" canRestore="1">
            <label>Border bottom style</label>
            <comment><![CDATA[For example, solid, dashed or double. Read more about <a href="https://www.w3schools.com/cssref/pr_border-bottom_style.asp" target="_blank">border-bottom-style property</a>.]]></comment>
        </field>
        <field id="pageHeaderPanel_borderBottomColor" translate="label" type="text" sortOrder="90" showInDefault="1" showInWebsite="1" showInStore="1" canRestore="1">
            <label>Border bottom color</label>
            <frontend_model>Swissup\ThemeEditor\Block\Adminhtml\System\Config\Form\Field\Color</frontend_model>
        </field>

        <group id="navigation" translate="label" type="text" sortOrder="200" showInDefault="1" showInWebsite="1" showInStore="1">
            <label>Navigation</label>

            <field id="navigation_heading" translate="label" type="text" sortOrder="10" showInDefault="1" showInWebsite="1" showInStore="1">
                <label>Background</label>
                <frontend_model>Swissup\ThemeEditor\Block\Adminhtml\System\Config\Form\Field\CssSelectorHeading</frontend_model>
            </field>
            <field id="navigation_backgroundColor" translate="label" type="text" sortOrder="20" showInDefault="1" showInWebsite="1" showInStore="1" canRestore="1">
                <label>Color</label>
                <frontend_model>Swissup\ThemeEditor\Block\Adminhtml\System\Config\Form\Field\Color</frontend_model>
            </field>
            <field id="navigation_backgroundImage" translate="label" type="image" sortOrder="30" showInDefault="1" showInWebsite="1" showInStore="1" canRestore="1">
                <label>Image</label>
                <frontend_model>Swissup\ThemeEditor\Block\Adminhtml\System\Config\Form\Field\Image</frontend_model>
                <backend_model>Swissup\ThemeEditor\Model\Config\Backend\Image</backend_model>
            </field>
            <field id="navigation_backgroundRepeat" translate="label" type="select" sortOrder="40" showInDefault="1" showInWebsite="1" showInStore="1" canRestore="1">
                <label>Repeat</label>
                <source_model>Swissup\ThemeEditor\Model\Config\Source\BackgroundRepeat</source_model>
            </field>
            <field id="navigation_backgroundPosition" translate="label" type="text" sortOrder="50" showInDefault="1" showInWebsite="1" showInStore="1" canRestore="1">
                <label>Position</label>
                <comment>Values should include dimension units: 50% or -20px or 5em, etc</comment>
                <frontend_model>Swissup\ThemeEditor\Block\Adminhtml\System\Config\Form\Field\BackgroundPosition</frontend_model>
            </field>

            <field id="topLevelLink_heading" translate="label" type="text" sortOrder="90" showInDefault="1" showInWebsite="1" showInStore="1">
                <label>Top level links</label>
                <frontend_model>Swissup\ThemeEditor\Block\Adminhtml\System\Config\Form\Field\CssSelectorHeading</frontend_model>
            </field>
            <field id="topLevelLink_fontFamily" translate="label" type="text" sortOrder="100" showInDefault="1" showInWebsite="1" showInStore="1" canRestore="1">
                <label>Font Family</label>
            </field>
            <field id="topLevelLink_fontSize" translate="label" type="text" sortOrder="110" showInDefault="1" showInWebsite="1" showInStore="1" canRestore="1">
                <label>Font Size</label>
            </field>
            <field id="topLevelLink_textTransform" translate="label" type="select" sortOrder="120" showInDefault="1" showInWebsite="1" showInStore="1" canRestore="1">
                <label>Text transform</label>
                <source_model>Swissup\ThemeEditor\Model\Config\Source\TextTransform</source_model>
            </field>
            <field id="topLevelLink_color" translate="label" type="text" sortOrder="130" showInDefault="1" showInWebsite="1" showInStore="1" canRestore="1">
                <label>Font color</label>
                <frontend_model>Swissup\ThemeEditor\Block\Adminhtml\System\Config\Form\Field\Color</frontend_model>
            </field>
            <field id="topLevelArrow_color" translate="label" type="text" sortOrder="140" showInDefault="1" showInWebsite="1" showInStore="1" canRestore="1">
                <label>Arrow color</label>
                <frontend_model>Swissup\ThemeEditor\Block\Adminhtml\System\Config\Form\Field\Color</frontend_model>
            </field>
            <field id="topLevelLinkHover_color" translate="label" type="text" sortOrder="140" showInDefault="1" showInWebsite="1" showInStore="1" canRestore="1">
                <label>Hover state font color</label>
                <frontend_model>Swissup\ThemeEditor\Block\Adminhtml\System\Config\Form\Field\Color</frontend_model>
            </field>
            <field id="topLevelLinkActive_color" translate="label" type="text" sortOrder="150" showInDefault="1" showInWebsite="1" showInStore="1" canRestore="1">
                <label>Active state font color</label>
                <frontend_model>Swissup\ThemeEditor\Block\Adminhtml\System\Config\Form\Field\Color</frontend_model>
            </field>
            <field id="topLevelLinkDepartments_heading" translate="label" type="text" sortOrder="160" showInDefault="1" showInWebsite="1" showInStore="1">
                <label>Top level "Departments" link</label>
                <frontend_model>Swissup\ThemeEditor\Block\Adminhtml\System\Config\Form\Field\CssSelectorHeading</frontend_model>
            </field>
            <field id="topLevelLinkDepartments_color" translate="label" type="text" sortOrder="160" showInDefault="1" showInWebsite="1" showInStore="1" canRestore="1">
                <label>Font color</label>
                <frontend_model>Swissup\ThemeEditor\Block\Adminhtml\System\Config\Form\Field\Color</frontend_model>
            </field>
            <field id="topLevelArrowDepartments_color" translate="label" type="text" sortOrder="162" showInDefault="1" showInWebsite="1" showInStore="1" canRestore="1">
                <label>Arrow color</label>
                <frontend_model>Swissup\ThemeEditor\Block\Adminhtml\System\Config\Form\Field\Color</frontend_model>
            </field>
            <field id="topLevelLinkDepartments_backgroundColor" translate="label" type="text" sortOrder="172" showInDefault="1" showInWebsite="1" showInStore="1" canRestore="1">
                <label>Background color</label>
                <frontend_model>Swissup\ThemeEditor\Block\Adminhtml\System\Config\Form\Field\Color</frontend_model>
            </field>
            <field id="topLevelLinkDepartments_backgroundImage" translate="label" type="image" sortOrder="174" showInDefault="1" showInWebsite="1" showInStore="1" canRestore="1">
                <label>Background image</label>
                <frontend_model>Swissup\ThemeEditor\Block\Adminhtml\System\Config\Form\Field\Image</frontend_model>
                <backend_model>Swissup\ThemeEditor\Model\Config\Backend\Image</backend_model>
            </field>
            <field id="topLevelLinkDepartments_backgroundRepeat" translate="label" type="select" sortOrder="176" showInDefault="1" showInWebsite="1" showInStore="1" canRestore="1">
                <label>Background repeat</label>
                <source_model>Swissup\ThemeEditor\Model\Config\Source\BackgroundRepeat</source_model>
            </field>
            <field id="topLevelLinkDepartments_backgroundPosition" translate="label" type="text" sortOrder="178" showInDefault="1" showInWebsite="1" showInStore="1" canRestore="1">
                <label>Background position</label>
                <comment>Values should include dimension units: 50% or -20px or 5em, etc</comment>
                <frontend_model>Swissup\ThemeEditor\Block\Adminhtml\System\Config\Form\Field\BackgroundPosition</frontend_model>
            </field>
            <field id="topLevelLinkDepartmentsHover_color" translate="label" type="text" sortOrder="180" showInDefault="1" showInWebsite="1" showInStore="1" canRestore="1">
                <label>Hover state font color</label>
                <frontend_model>Swissup\ThemeEditor\Block\Adminhtml\System\Config\Form\Field\Color</frontend_model>
            </field>
            <field id="topLevelArrowDepartmentsHover_color" translate="label" type="text" sortOrder="182" showInDefault="1" showInWebsite="1" showInStore="1" canRestore="1">
                <label>Hover state arrow color</label>
                <frontend_model>Swissup\ThemeEditor\Block\Adminhtml\System\Config\Form\Field\Color</frontend_model>
            </field>
            <field id="topLevelLinkDepartmentsActive_color" translate="label" type="text" sortOrder="190" showInDefault="1" showInWebsite="1" showInStore="1" canRestore="1">
                <label>Active state font color</label>
                <frontend_model>Swissup\ThemeEditor\Block\Adminhtml\System\Config\Form\Field\Color</frontend_model>
            </field>
            <field id="topLevelArrowDepartmentsActive_color" translate="label" type="text" sortOrder="192" showInDefault="1" showInWebsite="1" showInStore="1" canRestore="1">
                <label>Active state arrow color</label>
                <frontend_model>Swissup\ThemeEditor\Block\Adminhtml\System\Config\Form\Field\Color</frontend_model>
            </field>

            <field id="departmentsChildren_heading" translate="label" type="text" sortOrder="200" showInDefault="1" showInWebsite="1" showInStore="1">
                <label>"Departments" direct children links</label>
                <frontend_model>Swissup\ThemeEditor\Block\Adminhtml\System\Config\Form\Field\CssSelectorHeading</frontend_model>
            </field>
            <field id="departmentsChildren_color" translate="label" type="text" sortOrder="210" showInDefault="1" showInWebsite="1" showInStore="1" canRestore="1">
                <label>Font color</label>
                <frontend_model>Swissup\ThemeEditor\Block\Adminhtml\System\Config\Form\Field\Color</frontend_model>
            </field>
            <field id="departmentsChildrenArrow_color" translate="label" type="text" sortOrder="220" showInDefault="1" showInWebsite="1" showInStore="1" canRestore="1">
                <label>Arrow color</label>
                <frontend_model>Swissup\ThemeEditor\Block\Adminhtml\System\Config\Form\Field\Color</frontend_model>
            </field>
            <field id="departmentsChildrenHover_color" translate="label" type="text" sortOrder="230" showInDefault="1" showInWebsite="1" showInStore="1" canRestore="1">
                <label>Hover state font color</label>
                <frontend_model>Swissup\ThemeEditor\Block\Adminhtml\System\Config\Form\Field\Color</frontend_model>
            </field>
            <field id="departmentsChildrenHoverArrow_color" translate="label" type="text" sortOrder="240" showInDefault="1" showInWebsite="1" showInStore="1" canRestore="1">
                <label>Hover state arrow color</label>
                <frontend_model>Swissup\ThemeEditor\Block\Adminhtml\System\Config\Form\Field\Color</frontend_model>
            </field>

            <field id="lowLevelLink_heading" translate="label" type="text" sortOrder="300" showInDefault="1" showInWebsite="1" showInStore="1">
                <label>Links from the rest of the levels</label>
                <frontend_model>Swissup\ThemeEditor\Block\Adminhtml\System\Config\Form\Field\CssSelectorHeading</frontend_model>
            </field>
            <field id="lowLevelLink_fontFamily" translate="label" type="text" sortOrder="310" showInDefault="1" showInWebsite="1" showInStore="1" canRestore="1">
                <label>Font Family</label>
            </field>
            <field id="lowLevelLink_fontSize" translate="label" type="text" sortOrder="320" showInDefault="1" showInWebsite="1" showInStore="1" canRestore="1">
                <label>Font Size</label>
            </field>
            <field id="lowLevelLink_textTransform" translate="label" type="select" sortOrder="330" showInDefault="1" showInWebsite="1" showInStore="1" canRestore="1">
                <label>Text transform</label>
                <source_model>Swissup\ThemeEditor\Model\Config\Source\TextTransform</source_model>
            </field>
            <field id="lowLevelLink_color" translate="label" type="text" sortOrder="340" showInDefault="1" showInWebsite="1" showInStore="1" canRestore="1">
                <label>Font color</label>
                <frontend_model>Swissup\ThemeEditor\Block\Adminhtml\System\Config\Form\Field\Color</frontend_model>
            </field>
            <field id="lowLevelArrow_color" translate="label" type="text" sortOrder="350" showInDefault="1" showInWebsite="1" showInStore="1" canRestore="1">
                <label>Arrow color</label>
                <frontend_model>Swissup\ThemeEditor\Block\Adminhtml\System\Config\Form\Field\Color</frontend_model>
            </field>
        </group>

        <group id="buttons" translate="label" type="text" sortOrder="100" showInDefault="1" showInWebsite="1" showInStore="1">
            <label>Buttons</label>

            <field id="headerButtonSearch_heading" translate="label" type="text" sortOrder="10" showInDefault="1" showInWebsite="1" showInStore="1">
                <label>Search button</label>
                <frontend_model>Swissup\ThemeEditor\Block\Adminhtml\System\Config\Form\Field\CssSelectorHeading</frontend_model>
            </field>

            <field id="headerButtonSearch_background" translate="label" type="text" sortOrder="20" showInDefault="1" showInWebsite="1" showInStore="1" canRestore="1">
                <label>Background</label>
                <frontend_model>Swissup\ThemeEditor\Block\Adminhtml\System\Config\Form\Field\Color</frontend_model>
            </field>
            <field id="headerButtonSearchHover_background" translate="label" type="text" sortOrder="30" showInDefault="1" showInWebsite="1" showInStore="1" canRestore="1">
                <label>Hover State Background</label>
                <frontend_model>Swissup\ThemeEditor\Block\Adminhtml\System\Config\Form\Field\Color</frontend_model>
            </field>

            <field id="headerButtonCart_heading" translate="label" type="text" sortOrder="40" showInDefault="1" showInWebsite="1" showInStore="1">
                <label>Minicart button</label>
                <frontend_model>Swissup\ThemeEditor\Block\Adminhtml\System\Config\Form\Field\CssSelectorHeading</frontend_model>
            </field>
            <field id="headerButtonCart_background" translate="label" type="text" sortOrder="50" showInDefault="1" showInWebsite="1" showInStore="1" canRestore="1">
                <label>Background</label>
                <frontend_model>Swissup\ThemeEditor\Block\Adminhtml\System\Config\Form\Field\Color</frontend_model>
            </field>
            <field id="headerButtonCartHover_background" translate="label" type="text" sortOrder="60" showInDefault="1" showInWebsite="1" showInStore="1" canRestore="1">
                <label>Hover State Background</label>
                <frontend_model>Swissup\ThemeEditor\Block\Adminhtml\System\Config\Form\Field\Color</frontend_model>
            </field>

            <field id="headerButtonMyAccount_heading" translate="label" type="text" sortOrder="70" showInDefault="1" showInWebsite="1" showInStore="1">
                <label>My Account button</label>
                <frontend_model>Swissup\ThemeEditor\Block\Adminhtml\System\Config\Form\Field\CssSelectorHeading</frontend_model>
            </field>
            <field id="headerButtonMyAccount_borderColor" translate="label" type="text" sortOrder="80" showInDefault="1" showInWebsite="1" showInStore="1" canRestore="1">
                <label>Border Color</label>
                <frontend_model>Swissup\ThemeEditor\Block\Adminhtml\System\Config\Form\Field\Color</frontend_model>
            </field>
            <field id="headerButtonMyAccountHover_borderColor" translate="label" type="text" sortOrder="90" showInDefault="1" showInWebsite="1" showInStore="1" canRestore="1">
                <label>Hover State Border Color</label>
                <frontend_model>Swissup\ThemeEditor\Block\Adminhtml\System\Config\Form\Field\Color</frontend_model>
            </field>

        </group>

    </group>
</include>
