<?xml version="1.0"?>
<config>
    <command class="Swissup\Easytabs\Installer\Command\Tabs" module="Swissup_Easytabs">
        <data>
            <item>
                <item name="title">Upsells</item>
                <item name="alias">upsells</item>
                <item name="block">Magento\Catalog\Block\Product\ProductList\Upsell</item>
                <item name="block_arguments">type:upsell</item>
                <item name="sort_order">40</item>
                <item name="status">1</item>
                <item name="widget_template">Magento_Catalog::product/list/items.phtml</item>
                <item name="widget_unset">product.info.upsell</item>
            </item>
            <item>
                <item name="title">Questions ({{eval code="getCount()"}})</item>
                <item name="alias">questions</item>
                <item name="block">Swissup\Easytabs\Block\Tab\Template</item>
                <item name="sort_order">60</item>
                <item name="status">1</item>
                <item name="widget_block">Swissup\Askit\Block\Question\Widget</item>
                <item name="widget_template">template.phtml</item>
                <item name="widget_unset">askit_listing,askit_form</item>
            </item>
        </data>
    </command>
</config>
