<?xml version="1.0"?>
<config>
    <command class="Swissup\Easybanner\Installer\Command\Banner">
        <data>
            <item>
                <item name="name">argento_flat_home_wide</item>
                <item name="limit">1</item>
                <item name="banners">
                    <item>
                        <item name="identifier">flat_rate_shipping_on_all_products</item>
                        <item name="title">Flat Rate Shipping!</item>
                        <item name="url">flat_rate_shipping_on_all_products</item>
                        <item name="image">/argento/flat/argento_flat_special_offer.png</item>
                        <item name="width">1160</item>
                        <item name="height">130</item>
                    </item>
                </item>
            </item>
        </data>
    </command>
</config>
