<?xml version="1.0"?>
<config xmlns:xsi="http://www.w3.org/2001/XMLSchema-instance"
    xsi:noNamespaceSchemaLocation="urn:magento:module:Magento_Config:etc/system_file.xsd">
    <system>
        <section id="navigationpro" type="text" sortOrder="1410" showInDefault="1" showInWebsite="1" showInStore="1">
            <class>separator-top</class>
            <label>NavigationPro</label>
            <tab>swissup</tab>
            <resource>Swissup_Navigationpro::config_navigationpro</resource>
            <group id="top" translate="label" type="text" sortOrder="10" showInDefault="1" showInWebsite="1" showInStore="1">
                <label>Top Menu</label>
                <field id="identifier" translate="label" type="select" sortOrder="20" showInDefault="1" showInWebsite="1" showInStore="1">
                    <label>Menu</label>
                    <source_model>Swissup\Navigationpro\Model\Config\Source\Menu</source_model>
                </field>
            </group>
        </section>
    </system>
</config>
