<?xml version="1.0"?>
<config xmlns:xsi="http://www.w3.org/2001/XMLSchema-instance"
        xsi:noNamespaceSchemaLocation="urn:magento:framework:ObjectManager/etc/config.xsd">

    <type name="Magento\Framework\App\RouterList">
        <arguments>
            <argument name="routerList" xsi:type="array">
                <item name="swissup_gdpr" xsi:type="array">
                    <item name="class" xsi:type="string">Swissup\Gdpr\Controller\Router</item>
                    <item name="disable" xsi:type="boolean">false</item>
                    <item name="sortOrder" xsi:type="string">61</item>
                </item>
            </argument>
        </arguments>
    </type>

    <type name="Swissup\Gdpr\Observer\PersistFormData">
        <arguments>
            <argument name="reviewSession" xsi:type="object">Magento\Review\Model\Session</argument>
        </arguments>
    </type>
</config>
