<?xml version="1.0"?>
<config xmlns:xsi="http://www.w3.org/2001/XMLSchema-instance" xsi:noNamespaceSchemaLocation="urn:magento:framework:Event/etc/events.xsd">
    <!-- Add additional layout handles with 'swissupamp_' prefix -->
    <event name="layout_load_before">
        <observer name="swissup_amp_layout_load_before" instance="Swissup\Amp\Observer\LayoutLoadBefore"/>
    </event>
    <!-- Supress non-whitelisted blocks -->
    <event name="view_block_abstract_to_html_after">
        <observer name="swissup_amp_view_block_abstract_to_html_after" instance="Swissup\Amp\Observer\ViewBlockAbstractToHtmlAfter"/>
    </event>
    <!-- Set amp template for blocks -->
    <event name="view_block_abstract_to_html_before">
        <observer name="swissup_amp_view_block_abstract_to_html_before" instance="Swissup\Amp\Observer\ViewBlockAbstractToHtmlBefore"/>
    </event>
</config>
