<?xml version="1.0"?>
<config xmlns:xsi="http://www.w3.org/2001/XMLSchema-instance"
    xsi:noNamespaceSchemaLocation="urn:magento:framework:Acl/etc/acl.xsd">
    <acl>
        <resources>
            <resource id="Magento_Backend::admin">
                <resource id="Swissup_Core::swissup">
                    <resource id="Swissup_SeoCore::seocore">
                        <resource id="Swissup_SeoHtmlSitemap::seohtmlsitemap"
                            title="SEO HTML Sitemap" sortOrder="1972">
                            <resource id="Swissup_SeoHtmlSitemap::link_index"
                                title="Create new link" sortOrder="10">
                                <resource id="Swissup_SeoHtmlSitemap::link_new"
                                    title="Create new link" sortOrder="10"/>
                                <resource id="Swissup_SeoHtmlSitemap::save"
                                    title="Save link" sortOrder="20" />
                                <resource id="Swissup_SeoHtmlSitemap::delete"
                                    title="Delete link" sortOrder="30" />
                            </resource>
                        </resource>
                    </resource>
                </resource>
                <resource id="Magento_Backend::stores">
                    <resource id="Magento_Backend::stores_settings">
                        <resource id="Magento_Config::config">
                            <resource id="Swissup_SeoCore::config">
                                <resource id="Swissup_SeoHtmlSitemap::config_seohtmlsitemap"
                                    title="SEO HTML Sitemap" sortOrder="1972"/>
                            </resource>
                        </resource>
                    </resource>
                </resource>
            </resource>
        </resources>
    </acl>
</config>
