<?xml version="1.0"?>
<config>
    <command class="Swissup\Marketplace\Installer\Command\CmsPage">
        <data>
            <item>
                <item name="title">Argento Luxury</item>
                <item name="identifier">home</item>
                <item name="content" helper="Swissup\Marketplace\Installer\Helper\Renderer::render">
                    <param name="path" type="path">content/cms_page/home.html</param>
                </item>
            </item>
            <item>
                <item name="title">Typography</item>
                <item name="identifier">typography</item>
                <item name="content" helper="Swissup\Marketplace\Installer\Helper\Renderer::render">
                    <param name="path" type="path">content/cms_page/typography.html</param>
                </item>
            </item>
        </data>
    </command>
</config>
