<?xml version="1.0"?>
<config xmlns:xsi="http://www.w3.org/2001/XMLSchema-instance"
        xsi:noNamespaceSchemaLocation="urn:magento:framework:Module/etc/module.xsd">
    <module name="Swissup_Pagespeed" setup_version="0.1.0">
        <sequence>
            <module name="Magento_Backend"/>
            <module name="Magento_Store"/>
            <module name="Magento_Customer"/>
            <module name="Magento_Catalog"/>
            <module name="Magento_Deploy"/>
            <module name="Magento_Theme"/>
            <module name="Magento_Cms"/>
            <module name="Magento_Developer"/>
            <module name="Magento_PageCache"/>
        </sequence>
    </module>
</config>
