{
    "optimize": "uglify2",
    "generateSourceMaps": true,
    "wrapShim": true,
    "inlineText": true,
    "modules": [
        {
            "name": "Swissup_Pagespeed/js/bundle/default",
            "include": [
                "jquery/patches/jquery",
                "mage/ie-class-fixer",
                "domReady",
                "underscore",
                "mage/template",
                "matchMedia",
                "jquery",
                "jquery/jquery.cookie",
                "jquery/jquery.mobile.custom",
                "mage/smart-keyboard-handler",
                "knockoutjs/knockout",
                "jquery/jquery-migrate",
                "jquery/jquery-storageapi",
                "knockoutjs/knockout-es5",
                "jquery/patches/jquery-ui",
                "mage/apply/scripts",
                "mage/apply/main",
                "mage/mage",
                "mage/translate",
                "Magento_Ui/js/lib/knockout/extender/observable_array",
                "Magento_Ui/js/lib/key-codes",
                "jquery/ui",
                "mage/translate-inline",
                "mage/collapsible",
                "mage/tabs",
                "Magento_Ui/js/lib/knockout/bindings/mage-init",
                "Magento_Ui/js/lib/knockout/bindings/fadeVisible",
                "knockoutjs/knockout-repeat",
                "knockoutjs/knockout-fast-foreach",
                "mage/utils/wrapper",
                "es6-collections",
                "Magento_Ui/js/lib/core/events",
                "Magento_Ui/js/lib/knockout/extender/bound-nodes",
                "text!ui/template/modal/modal-popup.html",
                "text!ui/template/modal/modal-slide.html",
                "text!ui/template/modal/modal-custom.html",
                "Magento_Ui/js/modal/modal",
                "Magento_Ui/js/modal/confirm",
                "mage/dataPost",
                "text!ui/template/tooltip/tooltip.html",
                "Magento_Ui/js/lib/registry/registry",
                "Magento_Ui/js/lib/knockout/template/loader",
                "Magento_Ui/js/lib/knockout/template/renderer",
                "Magento_Ui/js/lib/knockout/bindings/keyboard",
                "Magento_Ui/js/lib/knockout/bindings/after-render",
                "Magento_Ui/js/lib/knockout/bindings/autoselect",
                "Magento_Ui/js/lib/knockout/bindings/outer_click",
                "Magento_Ui/js/lib/knockout/bindings/i18n",
                "Magento_Ui/js/lib/knockout/bindings/range",
                "Magento_Ui/js/lib/knockout/bindings/collapsible",
                "Magento_Ui/js/lib/knockout/bindings/staticChecked",
                "Magento_Ui/js/lib/knockout/bindings/simple-checked",
                "Magento_Ui/js/lib/knockout/bindings/bind-html",
                "Magento_Ui/js/lib/knockout/bindings/tooltip",
                "Magento_Ui/js/lib/logger/message-pool",
                "Magento_Ui/js/lib/logger/levels-pool",
                "Magento_Ui/js/lib/logger/logger",
                "Magento_Ui/js/lib/logger/console-output-handler",
                "Magento_Ui/js/lib/logger/logger-utils",
                "spectrum",
                "tinycolor",
                "Magento_Ui/js/lib/knockout/bindings/color-picker",
                "moment",
                "mage/utils/objects",
                "mage/utils/compare",
                "mage/utils/strings",
                "mage/utils/template",
                "Magento_Ui/js/lib/logger/formatter",
                "mage/utils/arrays",
                "Magento_Ui/js/lib/logger/entry",
                "Magento_Ui/js/lib/logger/entry-factory",
                "jquery/jquery-ui-timepicker-addon",
                "mage/calendar",
                "Magento_Ui/js/lib/view/utils/bindings",
                "MutationObserver",
                "FormData",
                "mage/utils/misc",
                "mage/utils/main",
                "Magento_Ui/js/lib/knockout/bindings/datepicker",
                "Magento_Ui/js/lib/knockout/bindings/optgroup",
                "Magento_Ui/js/lib/core/class",
                "Magento_Ui/js/lib/knockout/template/observable_source",
                "Magento_Ui/js/lib/core/storage/local",
                "Magento_Ui/js/lib/logger/console-logger",
                "Magento_Ui/js/lib/knockout/template/engine",
                "Magento_Ui/js/lib/knockout/bindings/scope",
                "domReady!",
                "Magento_Theme/js/responsive",
                "Magento_Theme/js/theme",
                "mage/common",
                "Magento_Ui/js/lib/view/utils/dom-observer",
                "Magento_Ui/js/lib/view/utils/async",
                "Magento_Ui/js/lib/knockout/bindings/resizable",
                "Magento_Ui/js/lib/knockout/bindings/bootstrap",
                "Magento_Ui/js/lib/knockout/bootstrap",
                "mage/bootstrap",
                "mage/loader",
                "mage/menu",
                "Magento_Ui/js/block-loader",
                "Magento_Customer/js/section-config",
                "mage/dropdowns",
                "mage/dropdown",
                "mage/trim-input",
                "mage/cookies",
                "Magento_PageCache/js/page-cache",
                "Magento_Persistent/js/view/customer-data-mixin",
                "Magento_Search/js/form-mini",
                "Magento_Catalog/js/price-utils",
                "Magento_Catalog/js/price-box",
                "text!ui/template/block-loader.html",
                "Magento_Ui/js/core/renderer/types",
                "Magento_Ui/js/core/renderer/layout",
                "Magento_Ui/js/core/app",
                "jquery/jquery.parsequery",
                "Magento_Catalog/js/product/view/product-ids",
                "Magento_Catalog/js/product/view/product-ids-resolver",
                "Magento_Catalog/js/catalog-add-to-cart",
                "Magento_Ui/js/lib/core/element/links",
                "Magento_Ui/js/lib/core/element/element",
                "Magento_Ui/js/lib/core/collection",
                "Magento_Catalog/js/view/image",
                "mage/url",
                "mage/storage",
                "Magento_Customer/js/customer-data",
                "Magento_Customer/js/invalidation-processor",
                "Magento_Tax/js/view/checkout/minicart/subtotal/totals",
                "Magento_Msrp/js/view/checkout/minicart/subtotal/totals",
                "Magento_Theme/js/view/messages",
                "Magento_Customer/js/view/customer",
                "mage/decorate",
                "Magento_Catalog/js/view/compare-products",
                "Magento_Captcha/js/model/captchaList",
                "Magento_Customer/js/model/authentication-popup",
                "MSP_ReCaptcha/js/registry",
                "MSP_ReCaptcha/js/reCaptcha",
                "MSP_ReCaptcha/js/ui-messages-mixin",
                "Magento_Ui/js/modal/alert",
                "jquery/jquery.metadata",
                "jquery/validate",
                "mage/validation",
                "mage/validation/validation",
                "Magento_Swatches/js/swatch-renderer",
                "Magento_Checkout/js/sidebar",
                "Magento_Checkout/js/view/minicart",
                "Magento_Catalog/js/product/storage/ids-storage",
                "Magento_Catalog/js/product/storage/ids-storage-compare",
                "Magento_Customer/js/invalidation-rules/website-rule",
                "Magento_Ui/js/lib/spinner",
                "mage/requirejs/resolver",
                "Magento_Checkout/js/model/quote",
                "Magento_Captcha/js/action/refresh",
                "Magento_Captcha/js/model/captcha",
                "Magento_Captcha/js/view/checkout/defaultCaptcha",
                "Magento_Ui/js/model/messages",
                "Magento_Ui/js/model/messageList",
                "Magento_Ui/js/view/messages",
                "Magento_Customer/js/action/login",
                "Magento_Captcha/js/view/checkout/loginCaptcha",
                "Magento_Catalog/js/product/query-builder",
                "Magento_Catalog/js/product/storage/data-storage",
                "Magento_Catalog/js/product/storage/storage-service",
                "Magento_Catalog/js/storage-manager",
                "Magento_Ui/js/form/adapter/buttons",
                "Magento_Ui/js/form/adapter",
                "Magento_Ui/js/form/form",
                "Magento_Customer/js/view/authentication-popup",
                "Magento_Checkout/js/model/totals",
                "Magento_Checkout/js/model/cart/cache",
                "Magento_Checkout/js/model/error-processor",
                "Magento_GiftMessage/js/model/gift-message",
                "Magento_GiftMessage/js/model/gift-options",
                "Magento_Checkout/js/model/url-builder",
                "text!Magento_Checkout/template/minicart/content.html",
                "text!Magento_Customer/template/authentication-popup.html",
                "text!ui/template/collection.html",
                "text!Magento_Checkout/template/minicart/item/default.html",
                "text!Magento_Ui/template/messages.html",
                "text!MSP_ReCaptcha/template/reCaptcha.html",
                "text!Magento_Captcha/template/checkout/captcha.html",
                "Magento_GiftMessage/js/model/url-builder",
                "Magento_GiftMessage/js/action/gift-options",
                "Magento_GiftMessage/js/view/gift-message",
                "text!Magento_Checkout/template/minicart/subtotal.html",
                "text!Magento_Catalog/template/product/image_with_borders.html",
                "text!Magento_Checkout/template/minicart/item/price.html",
                "Magento_Checkout/js/model/payment/method-converter",
                "Magento_Checkout/js/model/full-screen-loader",
                "text!Magento_Tax/template/checkout/minicart/subtotal/totals.html",
                "Magento_Customer/js/model/customer/address",
                "Magento_Customer/js/model/customer-addresses",
                "Magento_Customer/js/model/address-list",
                "Magento_Customer/js/model/customer",
                "Magento_Checkout/js/model/resource-url-manager",
                "Magento_Checkout/js/model/cart/totals-processor/default",
                "Magento_Checkout/js/action/select-billing-address",
                "Magento_Checkout/js/model/payment/method-list",
                "Magento_Checkout/js/action/select-payment-method",
                "Magento_Checkout/js/model/payment-service",
                "Magento_Cookie/js/require-cookie",
                "Magento_Wishlist/js/add-to-wishlist",
                "Magento_Swatches/js/catalog-add-to-cart",
                "Magento_Catalog/js/product/view/provider",
                "Magento_Catalog/product/view/validation",
                "Magento_Catalog/js/validate-product",
                "text!Magento_InstantPurchase/template/confirmation.html",
                "Magento_InstantPurchase/js/view/instant-purchase",
                "magnifier/magnifier",
                "magnifier/magnify",
                "Magento_Catalog/js/gallery",
                "Magento_ProductVideo/js/load-player",
                "text!Magento_InstantPurchase/template/instant-purchase.html",
                "text!mage/gallery/gallery.html",
                "fotorama/fotorama",
                "mage/gallery/gallery",
                "Swissup_Ajaxpro/js/ajaxcian-data-post",
                "Swissup_Ajaxpro/js/ajaxpro",
                "Swissup_Ajaxpro/js/catalog-add-to-cart",
                "Swissup_Ajaxpro/js/catalog-product-view",
                "Swissup_Ajaxpro/js/loader",
                "Swissup_Ajaxpro/js/modal",
                "Swissup_Ajaxpro/js/modal-manager",
                "Swissup_Ajaxsearch/js/ajaxsearch",
                "Swissup_Ajaxsearch/js/ajaxsearch/category",
                "Swissup_Ajaxsearch/js/ajaxsearch/folded",
                "Swissup_Ajaxsearch/js/ajaxsearch/loader",
                "Swissup_Ajaxsearch/js/ajaxsearch/mobile",
                "Swissup_Ajaxsearch/js/ajaxsearch/results",
                "Swissup_Ajaxsearch/js/form-mini-mixin",
                "Swissup_Ajaxsearch/js/lib/select2.min",
                "Swissup_Ajaxsearch/js/lib/typeaheadbundle",
                "Swissup_Askit/js/askit",
                "Swissup_CacheWarmer/js/toolbar",
                "Swissup_DeliveryDate/js/mixin/storage-mixin",
                "Swissup_DeliveryDate/js/mixin/utils/misc-mixin",
                "Swissup_Easybanner/js/easybanner",
                "Swissup_Easytabs/js/mixin/collapsible",
                "Swissup_EasySlide/js/easyslide",
                "Swissup_EasySlide/js/swiper",
                "Swissup_Gdpr/js/consents",
                "Swissup_Firecheckout/js/mixin/model/storage-mixin",
                "Swissup_Firecheckout/js/mixin/view/messages-mixin",
                "Swissup_Firecheckout/js/model/storage-sequence",
                "Swissup_Highlight/js/carousel",
                "Swissup_Highlight/js/mixin/catalog-add-to-cart",
                "Swissup_Navigationpro/js/aim",
                "Swissup_Navigationpro/js/make-vertical-columns",
                "Swissup_Navigationpro/js/navpro",
                "Swissup_Navigationpro/js/nowrap",
                "Swissup_Navigationpro/js/overlay",
                "Swissup_Navigationpro/js/rtl",
                "Swissup_Navigationpro/js/slideout",
                "Swissup_Navigationpro/js/sticky",
                "Swissup_Navigationpro/js/touch",
                "Swissup_Pagespeed/js/lib/cssrelpreload",
                "Swissup_Pagespeed/js/lib/lazysizes.min",
                "Swissup_Pagespeed/js/lib/loadCSS",
                "Swissup_Pagespeed/js/lib/respimage.min",
                "Swissup_ProLabels/js/prolabels",
                "Swissup_ProLabels/js/renderLabels",
                "Swissup_ProLabels/js/viewModel/labels",
                "Swissup_SlickCarousel/js/slick",
                "Swissup_Stickyfill/js/sticky",
                "Swissup_Stickyfill/js/stickyfill",
                "Swissup_SeoUrls/js/mixin/swatch-renderer",
                "Swissup_SocialLogin/js/login",
                "Swissup_SocialLogin/js/view/checkout/socialLogin"
            ],
            "exclude": [],
            "create": true
        },
        {
            "name": "Swissup_Pagespeed/js/bundle/checkout-index-index",
            "create": true,
            "include": [
                "Magento_Checkout/js/checkout-loader",
                "Magento_Ui/js/form/components/group",
                "Magento_Checkout/js/view/summary/item/details",
                "Magento_Checkout/js/view/shipping-information/list",
                "Magento_Checkout/js/view/summary/item/details/thumbnail",
                "Magento_Checkout/js/view/summary",
                "Magento_Checkout/js/view/summary/totals",
                "Magento_Checkout/js/view/summary/cart-items",
                "Magento_Checkout/js/model/full-screen-loader",
                "Swissup_SocialLogin/js/login",
                "Swissup_SocialLogin/js/view/checkout/socialLogin",
                "Magento_Checkout/js/model/payment/method-converter",
                "Magento_Checkout/js/model/authentication-messages",
                "Magento_Checkout/js/view/authentication-messages",
                "Magento_Checkout/js/model/payment/renderer-list",
                "Magento_OfflinePayments/js/view/payment/offline-payments",
                "Magento_Payment/js/view/payment/payments",
                "Magento_Paypal/js/view/payment/paypal-payments",
                "Magento_Checkout/js/model/payment/additional-validators",
                "text!Magento_Checkout/template/onepage.html",
                "Magento_Checkout/js/view/summary/item/details/subtotal",
                "Magento_Tax/js/view/checkout/summary/item/details/subtotal",
                "Magento_Shipping/js/model/config",
                "Magento_Shipping/js/view/checkout/shipping/shipping-policy",
                "Magento_CheckoutAgreements/js/model/agreements-modal",
                "Magento_CheckoutAgreements/js/view/checkout-agreements",
                "Magento_Weee/js/view/checkout/summary/item/price/weee",
                "Magento_Weee/js/view/checkout/summary/item/price/row_incl_tax",
                "Magento_Weee/js/view/checkout/summary/item/price/row_excl_tax",
                "Magento_CheckoutAgreements/js/model/agreement-validator",
                "Magento_CheckoutAgreements/js/view/agreement-validation",
                "Magento_Customer/js/action/check-email-availability",
                "Magento_SalesRule/js/model/payment/discount-messages",
                "Magento_SalesRule/js/view/payment/discount-messages",
                "Magento_Checkout/js/view/shipping-address/list",
                "Magento_Checkout/js/view/authentication",
                "Magento_Checkout/js/view/form/element/email",
                "Magento_Checkout/js/action/get-payment-information",
                "Magento_Checkout/js/model/customer-email-validator",
                "Magento_Checkout/js/view/payment/email-validator",
                "Magento_SalesRule/js/action/set-coupon-code",
                "Magento_SalesRule/js/action/cancel-coupon",
                "Magento_SalesRule/js/view/payment/discount",
                "Magento_Checkout/js/view/payment",
                "Magento_Checkout/js/view/payment/list",
                "Magento_Ui/js/form/element/post-code",
                "Magento_Checkout/js/action/set-billing-address",
                "Magento_Checkout/js/view/billing-address",
                "Magento_Checkout/js/model/sidebar",
                "Magento_Checkout/js/view/sidebar",
                "Magento_Checkout/js/model/payment/method-group",
                "text!Magento_Checkout/template/authentication.html",
                "text!Magento_Checkout/template/payment.html",
                "Magento_Checkout/js/model/shipping-rate-processor/customer-address",
                "Magento_Checkout/js/model/shipping-rate-service",
                "text!Magento_Checkout/template/sidebar.html",
                "Magento_Checkout/js/view/estimation",
                "text!Swissup_SocialLogin/template/popup-login.html",
                "text!Magento_Checkout/template/payment-methods/list.html",
                "text!Magento_SalesRule/template/payment/discount.html",
                "text!Magento_Checkout/template/summary.html",
                "text!Magento_Checkout/template/estimation.html",
                "Magento_Checkout/js/model/shipping-save-processor/payload-extender",
                "Magento_Checkout/js/model/shipping-save-processor/default",
                "Magento_Checkout/js/model/shipping-save-processor",
                "Magento_Checkout/js/action/set-shipping-information",
                "Magento_Checkout/js/view/shipping",
                "text!Magento_Checkout/template/summary/totals.html",
                "text!Magento_Checkout/template/summary/cart-items.html",
                "Magento_Checkout/js/view/shipping-information/address-renderer/default",
                "text!Magento_Checkout/template/summary/item/details.html",
                "Magento_Checkout/js/view/shipping-information",
                "text!Magento_Checkout/template/shipping.html",
                "text!Magento_Checkout/template/summary/item/details/thumbnail.html",
                "text!Magento_Tax/template/checkout/summary/item/details/subtotal.html",
                "jquery/jquery.hashchange",
                "Magento_Checkout/js/view/progress-bar",
                "text!Magento_Checkout/template/form/element/email.html",
                "text!Magento_Checkout/template/shipping-address/list.html",
                "text!Magento_Checkout/template/shipping-address/form.html",
                "text!Magento_Shipping/template/checkout/shipping/shipping-policy.html",
                "text!Magento_Checkout/template/shipping-address/shipping-method-list.html",
                "text!Magento_Checkout/template/shipping-information.html",
                "text!Magento_Weee/template/checkout/summary/item/price/row_excl_tax.html",
                "text!ui/template/form/element/helper/tooltip.html",
                "text!Magento_Checkout/template/progress-bar.html",
                "text!ui/template/group/group.html",
                "text!Magento_Checkout/template/shipping-address/shipping-method-item.html",
                "mage/dropdowns"
            ],
            "exclude": [
                "Swissup_Pagespeed/js/bundle/default"
            ]
        },
        {
            "name": "Swissup_Pagespeed/js/bundle/checkout-cart-index",
            "create": true,
            "include": [
                "mage/sticky",
                "Magento_Checkout/js/shopping-cart",
                "Magento_Checkout/js/discount-codes",
                "Magento_Checkout/js/proceed-to-checkout",
                "Magento_Checkout/js/action/update-shopping-cart",
                "Magento_Fedex/js/model/shipping-rates-validation-rules",
                "Magento_Fedex/js/model/shipping-rates-validator",
                "Magento_Dhl/js/model/shipping-rates-validation-rules",
                "Magento_Dhl/js/model/shipping-rates-validator",
                "Magento_Ups/js/model/shipping-rates-validation-rules",
                "Magento_Ups/js/model/shipping-rates-validator",
                "Magento_Usps/js/model/shipping-rates-validation-rules",
                "Magento_Usps/js/model/shipping-rates-validator",
                "Magento_OfflineShipping/js/model/shipping-rates-validation-rules/freeshipping",
                "Magento_OfflineShipping/js/model/shipping-rates-validator/freeshipping",
                "Magento_GiftMessage/js/model/gift-options",
                "Magento_GiftMessage/js/model/gift-message",
                "Magento_Tax/js/view/checkout/cart/totals/grand-total",
                "Magento_Tax/js/view/checkout/cart/totals/tax",
                "Magento_SalesRule/js/view/cart/totals/discount",
                "Magento_Weee/js/view/cart/totals/weee",
                "Magento_Tax/js/view/checkout/cart/totals/shipping",
                "Magento_Checkout/js/model/cart/cache",
                "Magento_GiftMessage/js/model/url-builder",
                "Magento_GiftMessage/js/action/gift-options",
                "Magento_GiftMessage/js/view/gift-message",
                "Magento_Fedex/js/view/shipping-rates-validation",
                "Magento_Dhl/js/view/shipping-rates-validation",
                "Magento_Usps/js/view/shipping-rates-validation",
                "Magento_OfflineShipping/js/view/shipping-rates-validation/freeshipping",
                "Magento_Ups/js/view/shipping-rates-validation",
                "text!Magento_GiftMessage/template/gift-message-item-level.html",
                "text!Magento_GiftMessage/template/gift-message.html",
                "Magento_Checkout/js/view/cart/shipping-rates",
                "Magento_Checkout/js/view/cart/totals",
                "Magento_Checkout/js/model/cart/totals-processor/default",
                "Magento_Checkout/js/model/cart/estimate-service",
                "Magento_Checkout/js/view/cart/shipping-estimation",
                "text!Magento_Checkout/template/cart/totals.html",
                "text!Magento_Checkout/template/cart/shipping-rates.html",
                "text!Magento_Checkout/template/cart/shipping-estimation.html",
                "text!Magento_Tax/template/checkout/summary/subtotal.html",
                "text!Magento_SalesRule/template/cart/totals/discount.html",
                "text!Magento_Tax/template/checkout/cart/totals/shipping.html",
                "text!Magento_Tax/template/checkout/cart/totals/tax.html",
                "text!Magento_Weee/template/checkout/summary/weee.html",
                "text!Magento_Tax/template/checkout/cart/totals/grand-total.html"
            ],
            "exclude": [
                "Swissup_Pagespeed/js/bundle/default"
            ]
        },
        {
            "name": "Swissup_Pagespeed/js/bundle/catalog-product-view",
            "create": true,
            "include": [
                "Magento_Review/js/error-placement",
                "Magento_Catalog/js/upsell-products",
                "Magento_Review/js/process-reviews",
                "text!Magento_Theme/templates/breadcrumbs.html",
                "Magento_Theme/js/model/breadcrumb-list",
                "Magento_Theme/js/view/add-home-breadcrumb",
                "Magento_Theme/js/view/breadcrumbs",
                "Magento_Catalog/js/product/breadcrumbs",
                "Magento_Review/js/validate-review",
                "Magento_Review/js/view/review",
                "Magento_Catalog/js/related-products",
                "Swissup_Easytabs/js/tabs",
                "Swissup_Fblike/js/fbinit",
                "Swissup_Fblike/js/fblike",
                "Swissup_Navigationpro/js/mixin/product-breadcrumbs",
                "Swissup_QuantitySwitcher/js/product",
                "Swissup_SoldTogether/js/customer-also-bought",
                "Swissup_SoldTogether/js/sold-together"
            ],
            "exclude": [
                "Swissup_Pagespeed/js/bundle/default"
            ]
        },
        {
            "name": "Swissup_Pagespeed/js/bundle/catalog-category-view",
            "create": true,
            "include": [
                "Magento_Wishlist/js/view/wishlist",
                "Magento_Catalog/js/product/list/toolbar",
                "Swissup_Ajaxlayerednavigation/js/ajax-layered-navigation",
                "Swissup_Ajaxlayerednavigation/js/lib/ion.rangeSlider.min",
                "Swissup_Ajaxlayerednavigation/js/lib/jalc.min",
                "Swissup_Ajaxlayerednavigation/js/lib/jquery.sticky-kit.min",
                "Swissup_Ajaxlayerednavigation/js/lib/list.min",
                "Swissup_Ajaxlayerednavigation/js/lib/url-search-params.min",
                "Swissup_Ajaxlayerednavigation/js/navigation/filters",
                "Swissup_Ajaxlayerednavigation/js/navigation/list-search",
                "Swissup_Ajaxlayerednavigation/js/navigation/multiple",
                "Swissup_Ajaxlayerednavigation/js/navigation/price-slider",
                "Swissup_Ajaxlayerednavigation/js/navigation/scroll",
                "Swissup_Ajaxlayerednavigation/js/navigation/show-more",
                "Swissup_Ajaxlayerednavigation/js/navigation/slideout",
                "Swissup_Ajaxlayerednavigation/js/navigation/sticky",
                "Swissup_Ajaxlayerednavigation/js/navigation/toolbar",
                "Swissup_ProLabels/js/product/list/columns/prolabel"
            ],
            "exclude": [
                "Swissup_Pagespeed/js/bundle/default"
            ]
        }
    ],
    "shim": {
        "jquery/jquery-migrate": {
            "deps": [
                "jquery"
            ]
        },
        "jquery/jstree/jquery.hotkeys": {
            "deps": [
                "jquery"
            ]
        },
        "jquery/hover-intent": {
            "deps": [
                "jquery"
            ]
        },
        "mage/adminhtml/backup": {
            "deps": [
                "prototype"
            ]
        },
        "mage/captcha": {
            "deps": [
                "prototype"
            ]
        },
        "mage/common": {
            "deps": [
                "jquery"
            ]
        },
        "mage/new-gallery": {
            "deps": [
                "jquery"
            ]
        },
        "mage/webapi": {
            "deps": [
                "jquery"
            ]
        },
        "jquery/ui": {
            "deps": [
                "jquery"
            ]
        },
        "MutationObserver": {
            "deps": [
                "es6-collections"
            ]
        },
        "moment": {
            "exports": "moment"
        },
        "matchMedia": {
            "exports": "mediaCheck"
        },
        "jquery/jquery-storageapi": {
            "deps": [
                "jquery/jquery.cookie"
            ]
        },
        "paypalInContextExpressCheckout": {
            "exports": "paypal"
        },
        "tiny_mce_4/tinymce.min": {
            "exports": "tinyMCE"
        },
        "acceptjs": {
            "exports": "Accept"
        },
        "acceptjssandbox": {
            "exports": "Accept"
        },
        "vimeoAPI": {},
        "Magento_Tinymce3/tiny_mce/tiny_mce_src": {
            "exports": "tinymce"
        },
        "magnifier/magnifier": [
            "jquery"
        ],
        "fotorama/fotorama": [
            "jquery"
        ],
        "Magento_Customer/js/customer-data": {
            "deps": [
                "Magento_Customer/js/section-config"
            ]
        }
    },
    "paths": {
        "jquery/ui": "jquery/jquery-ui",
        "jquery/validate": "jquery/jquery.validate",
        "jquery/hover-intent": "jquery/jquery.hoverIntent",
        "jquery/file-uploader": "jquery/fileUploader/jquery.fileupload-fp",
        "prototype": "legacy-build.min",
        "jquery/jquery-storageapi": "jquery/jquery.storageapi.min",
        "text": "requirejs/text",
        "domReady": "requirejs/domReady",
        "spectrum": "jquery/spectrum/spectrum",
        "tinycolor": "jquery/spectrum/tinycolor",
        "ui/template": "Magento_Ui/templates",
        "scandiweb/rwd-image-maps": "Scandiweb_Slider/js/jquery.rwdImageMaps.min",
        "scandiweb/slider": "Scandiweb_Slider/js/slick.min",
        "scandiweb/slider-products": "Scandiweb_Slider/js/products",
        "temandoCheckoutFieldsDefinition": "Temando_Shipping/js/model/fields-definition",
        "temandoDeliveryOptions": "Temando_Shipping/js/model/delivery-options",
        "temandoShippingRatesValidator": "Temando_Shipping/js/model/shipping-rates-validator/temando",
        "temandoShippingRatesValidationRules": "Temando_Shipping/js/model/shipping-rates-validation-rules/temando"
    },
    "map": {
        "*": {
            "rowBuilder": "Magento_Theme/js/row-builder",
            "toggleAdvanced": "mage/toggle",
            "translateInline": "mage/translate-inline",
            "sticky": "mage/sticky",
            "tabs": "mage/tabs",
            "zoom": "mage/zoom",
            "collapsible": "mage/collapsible",
            "dropdownDialog": "mage/dropdown",
            "dropdown": "mage/dropdowns",
            "accordion": "mage/accordion",
            "loader": "mage/loader",
            "tooltip": "mage/tooltip",
            "deletableItem": "mage/deletable-item",
            "itemTable": "mage/item-table",
            "fieldsetControls": "mage/fieldset-controls",
            "fieldsetResetControl": "mage/fieldset-controls",
            "redirectUrl": "mage/redirect-url",
            "loaderAjax": "mage/loader",
            "menu": "mage/menu",
            "popupWindow": "mage/popup-window",
            "validation": "mage/validation/validation",
            "welcome": "Magento_Theme/js/view/welcome",
            "breadcrumbs": "Magento_Theme/js/view/breadcrumbs",
            "ko": "knockoutjs/knockout",
            "knockout": "knockoutjs/knockout",
            "mageUtils": "mage/utils/main",
            "rjsResolver": "mage/requirejs/resolver",
            "quickSearch": "Magento_Search/js/form-mini",
            "Magento_Search/form-mini": "Magento_Search/js/form-mini",
            "checkoutBalance": "Magento_Customer/js/checkout-balance",
            "address": "Magento_Customer/js/address",
            "changeEmailPassword": "Magento_Customer/js/change-email-password",
            "passwordStrengthIndicator": "Magento_Customer/js/password-strength-indicator",
            "zxcvbn": "Magento_Customer/js/zxcvbn",
            "addressValidation": "Magento_Customer/js/addressValidation",
            "Magento_Customer/address": "Magento_Customer/js/address",
            "Magento_Customer/change-email-password": "Magento_Customer/js/change-email-password",
            "compareList": "Magento_Catalog/js/list",
            "relatedProducts": "Magento_Catalog/js/related-products",
            "upsellProducts": "Magento_Catalog/js/upsell-products",
            "productListToolbarForm": "Magento_Catalog/js/product/list/toolbar",
            "catalogGallery": "Magento_Catalog/js/gallery",
            "priceBox": "Magento_Catalog/js/price-box",
            "priceOptionDate": "Magento_Catalog/js/price-option-date",
            "priceOptionFile": "Magento_Catalog/js/price-option-file",
            "priceOptions": "Magento_Catalog/js/price-options",
            "priceUtils": "Magento_Catalog/js/price-utils",
            "creditCardType": "Magento_Payment/js/cc-type",
            "Magento_Payment/cc-type": "Magento_Payment/js/cc-type",
            "catalogSearch": "Magento_CatalogSearch/form-mini",
            "addToCart": "Magento_Msrp/js/msrp",
            "giftMessage": "Magento_Sales/js/gift-message",
            "ordersReturns": "Magento_Sales/js/orders-returns",
            "Magento_Sales/gift-message": "Magento_Sales/js/gift-message",
            "Magento_Sales/orders-returns": "Magento_Sales/js/orders-returns",
            "discountCode": "Magento_Checkout/js/discount-codes",
            "shoppingCart": "Magento_Checkout/js/shopping-cart",
            "regionUpdater": "Magento_Checkout/js/region-updater",
            "sidebar": "Magento_Checkout/js/sidebar",
            "checkoutLoader": "Magento_Checkout/js/checkout-loader",
            "checkoutData": "Magento_Checkout/js/checkout-data",
            "proceedToCheckout": "Magento_Checkout/js/proceed-to-checkout",
            "transparent": "Magento_Payment/js/transparent",
            "Magento_Payment/transparent": "Magento_Payment/js/transparent",
            "orderReview": "Magento_Paypal/js/order-review",
            "Magento_Paypal/order-review": "Magento_Paypal/js/order-review",
            "paypalCheckout": "Magento_Paypal/js/paypal-checkout",
            "downloadable": "Magento_Downloadable/js/downloadable",
            "Magento_Downloadable/downloadable": "Magento_Downloadable/js/downloadable",
            "configurable": "Magento_ConfigurableProduct/js/configurable",
            "requireCookie": "Magento_Cookie/js/require-cookie",
            "cookieNotices": "Magento_Cookie/js/notices",
            "taxToggle": "Magento_Weee/js/tax-toggle",
            "Magento_Weee/tax-toggle": "Magento_Weee/js/tax-toggle",
            "bundleOption": "Magento_Bundle/bundle",
            "priceBundle": "Magento_Bundle/js/price-bundle",
            "slide": "Magento_Bundle/js/slide",
            "productSummary": "Magento_Bundle/js/product-summary",
            "giftOptions": "Magento_GiftMessage/js/gift-options",
            "extraOptions": "Magento_GiftMessage/js/extra-options",
            "Magento_GiftMessage/gift-options": "Magento_GiftMessage/js/gift-options",
            "Magento_GiftMessage/extra-options": "Magento_GiftMessage/js/extra-options",
            "uiElement": "Magento_Ui/js/lib/core/element/element",
            "uiCollection": "Magento_Ui/js/lib/core/collection",
            "uiComponent": "Magento_Ui/js/lib/core/collection",
            "uiClass": "Magento_Ui/js/lib/core/class",
            "uiEvents": "Magento_Ui/js/lib/core/events",
            "uiRegistry": "Magento_Ui/js/lib/registry/registry",
            "consoleLogger": "Magento_Ui/js/lib/logger/console-logger",
            "uiLayout": "Magento_Ui/js/core/renderer/layout",
            "buttonAdapter": "Magento_Ui/js/form/button-adapter",
            "tinymce4": "tiny_mce_4/tinymce.min",
            "wysiwygAdapter": "mage/adminhtml/wysiwyg/tiny_mce/tinymce4Adapter",
            "multiShipping": "Magento_Multishipping/js/multi-shipping",
            "orderOverview": "Magento_Multishipping/js/overview",
            "payment": "Magento_Multishipping/js/payment",
            "billingLoader": "Magento_Checkout/js/checkout-loader",
            "cartUpdate": "Magento_Checkout/js/action/update-shopping-cart",
            "captcha": "Magento_Captcha/js/captcha",
            "Magento_Captcha/captcha": "Magento_Captcha/js/captcha",
            "pageCache": "Magento_PageCache/js/page-cache",
            "recentlyViewedProducts": "Magento_Reports/js/recently-viewed",
            "loadPlayer": "Magento_ProductVideo/js/load-player",
            "amazonLogout": "Amazon_Login/js/amazon-logout",
            "amazonOAuthRedirect": "Amazon_Login/js/amazon-redirect",
            "amazonCsrf": "Amazon_Login/js/amazon-csrf",
            "amazonCore": "Amazon_Payment/js/amazon-core",
            "amazonWidgetsLoader": "Amazon_Payment/js/amazon-widgets-loader",
            "amazonButton": "Amazon_Payment/js/amazon-button",
            "amazonProductAdd": "Amazon_Payment/js/amazon-product-add",
            "bluebird": "Amazon_Payment/js/lib/bluebird.min",
            "amazonPaymentConfig": "Amazon_Payment/js/model/amazonPaymentConfig",
            "sjcl": "Amazon_Payment/js/lib/sjcl.min",
            "wishlist": "Magento_Wishlist/js/wishlist",
            "addToWishlist": "Magento_Wishlist/js/add-to-wishlist",
            "wishlistSearch": "Magento_Wishlist/js/search",
            "tinymceDeprecated": "Magento_Tinymce3/tiny_mce/tiny_mce_src",
            "editTrigger": "mage/edit-trigger",
            "addClass": "Magento_Translation/js/add-class",
            "Magento_Translation/add-class": "Magento_Translation/js/add-class",
            "mgtdevelopertoolbar": "Mgt_DeveloperToolbar/js/toolbar",
            "set-checkout-messages": "Vertex_Tax/js/model/set-checkout-messages",
            "AjaxLayeredNavigation": "Swissup_Ajaxlayerednavigation/js/ajax-layered-navigation",
            "catalogAddToCart": "Swissup_Ajaxpro/js/catalog-add-to-cart",
            "compareItems": "Swissup_Ajaxpro/js/compare",
            "compare": "Swissup_Compare/js/compare",
            "easybanner": "Swissup_Easybanner/js/easybanner",
            "highlightCarousel": "Swissup_Highlight/js/carousel",
            "instaframe": "Swissup_Instaframe/js/instaframe",
            "navpro": "Swissup_Navigationpro/js/navpro",
            "orderAttachment": "Swissup_Orderattachment/js/order-attachment",
            "slick": "Swissup_SlickCarousel/js/slick",
            "slickwrapper": "Swissup_SlickCarousel/js/slickwrapper",
            "stickybits": "Swissup_Stickybits/js/stickybits",
            "stickyfill": "Swissup_Stickyfill/js/stickyfill",
            "swissupTestimonialsList": "Swissup_Testimonials/js/Swissup/testimonials/testimonials-list",
            "tippy": "Swissup_Tippyjs/js/tippy.all"
        }
    }
}